campaign,model,fixture,cell,ctx,sc,rep,dbt_success,materialized,tables_materialized,recall,precision,field_acc,f1,cost,secs,tokens_in,tokens_out,status,silent_fail,tables_declared,cols_covered,tokens_thoughts,retries,cache_hit_rate,fk_integrity,fk_dangling
2026-07-07-kw8r,qwen35b,master_v2,structured_per_table,metadata_only,False,0,False,True,0.6,0.40309734513274337,0.98914223669924,0.7094370860927153,0.5727758566488526,0.22690500000000002,62.857673,24733,20648,complete,False,5,0.631578947368421,0,0,0.0,,
2026-07-07-kw8r,mistral128b,master_v2,structured_per_table,metadata_only,False,0,True,True,1.0,1.0,0.9955947136563876,0.6731409893770821,0.9977924944812362,0.0,45.767777,16674,9637,complete,False,5,1.0,0,0,0.0,,
2026-07-07-kw8r,mistral128b,master_v2,structured_per_table,metadata_only,True,0,True,True,1.0,1.0,0.9955947136563876,0.6731409893770821,0.9977924944812362,0.0,59.586902,16674,9637,complete,False,5,1.0,0,0,0.0,,
2026-07-07-kw8r,qwen35b,master_v2,structured_per_table,metadata_only,True,0,True,True,1.0,0.9960176991150442,0.9955771782397169,0.6368460955269143,0.9957973899579738,0.36269000000000007,1205.376531,42690,29848,complete,False,5,1.0,0,0,0.0,,
2026-07-07-kw8r,mistral128b,master_v2,structured_per_table,live_query_tool,False,0,False,True,0.8,0.8597345132743363,0.9948796722990272,0.768615692153923,0.9223830999287917,0.0,1271.825041,114016,13508,complete,False,5,0.8245614035087719,0,0,0.0,,
2026-07-07-kw8r,mistral128b,master_v2,structured_per_table,live_query_tool,True,0,True,True,1.0,1.0,0.9955947136563876,0.7564271795838834,0.9977924944812362,0.0,194.408284,122340,15088,complete,False,5,1.0,0,0,0.0,,
2026-07-07-kw8r,qwen35b,master_v2,structured_per_table,live_query_tool,False,0,False,True,0.6,0.40707964601769914,0.989247311827957,0.7590394323918679,0.5768025078369907,2.843105000000001,1519.291248,526575,42046,complete,False,5,0.631578947368421,0,0,0.0,,
2026-07-07-kw8r,qwen35b,master_v2,structured_per_table,live_query_tool,True,0,True,True,1.0,1.0,0.9955947136563876,0.7314727512728644,0.9977924944812362,3.3046000000000006,840.173697,603707,57213,complete,False,5,1.0,0,0,0.0,,
2026-07-07-kw8r,qwen35b,master_v2,write_tools_freeform,metadata_only,False,0,True,True,0.2,1.0,0.9523809523809523,0.795,0.975609756097561,0.194035,325.522043,32107,6700,complete,False,1,1.0,0,0,0.0,,
2026-07-07-kw8r,qwen35b,master_v2,write_tools_freeform,metadata_only,True,0,False,False,0.0,,,,,0.03968000000000001,63.307953,6394,1542,gave_up,False,0,,0,0,0.0,,
2026-07-07-kw8r,mistral128b,master_v2,write_tools_freeform,metadata_only,False,0,False,False,0.0,0.0,,,,0.0,272.83874,38462,6753,complete,True,5,0.0,0,0,0.0,,
2026-07-07-kw8r,qwen35b,master_v2,write_tools_freeform,live_query_tool,False,0,False,False,0.0,,,,,1.001425,381.988154,189900,10385,complete,True,0,,0,0,0.0,,
2026-07-07-kw8r,qwen35b,master_v2,write_tools_freeform,live_query_tool,True,0,False,False,0.0,,,,,0.5263100000000001,288.14348,96440,8822,gave_up,False,0,,0,0,0.0,,
2026-07-07-kw8r,mistral128b,master_v2,write_tools_freeform,metadata_only,True,0,True,True,1.0,1.0,0.9955947136563876,0.6252435728204161,0.9977924944812362,0.0,1155.294412,120063,10814,complete,False,5,1.0,0,0,0.0,,
2026-07-07-kw8r,mistral128b,master_v2,write_tools_freeform,live_query_tool,False,0,True,True,1.0,1.0,0.9955947136563876,0.7410899490854234,0.9977924944812362,0.0,971.602849,250700,7019,complete,False,5,1.0,0,0,0.0,,
2026-07-07-kw8r,mistral128b,master_v2,write_tools_freeform,live_query_tool,True,0,True,True,1.0,1.0,0.9955947136563876,0.7276384436482494,0.9977924944812362,0.0,1005.189713,214939,19165,complete,False,5,1.0,0,0,0.0,,
2026-07-07-kw8r,qwen35b,master_v2,plan_then_execute,metadata_only,False,0,False,True,0.8,0.7610619469026548,0.9942196531791907,0.5886717783823893,0.8621553884711778,0.254105,1238.699534,21620,29201,complete,False,5,0.8070175438596491,0,0,0.0,,
2026-07-07-kw8r,qwen35b,master_v2,plan_then_execute,metadata_only,True,0,True,True,1.0,1.0,0.9955947136563876,0.5790433088189075,0.9977924944812362,0.32989500000000005,240.386603,29938,36041,complete,False,5,1.0,0,0,0.0,,
2026-07-07-kw8r,qwen35b,master_v2,plan_then_execute,live_query_tool,False,0,False,True,0.8,0.7610619469026548,0.9942196531791907,0.6904183083242518,0.8621553884711778,1.3968800000000003,1202.88424,239246,40130,complete,False,5,0.7894736842105263,0,0,0.0,,
2026-07-07-kw8r,qwen35b,master_v2,plan_then_execute,live_query_tool,True,0,False,True,0.8,0.7610619469026548,0.9942196531791907,0.6904183083242518,0.8621553884711778,3.854430000000001,1636.937089,696247,74639,partial,False,5,0.7894736842105263,0,0,0.0,,
2026-07-07-kw8r,mistral128b,master_v2,plan_then_execute,metadata_only,False,0,False,False,,,,,,,1801.507092,,,,False,0,,,,,,
2026-07-07-kw8r,mistral128b,master_v2,plan_then_execute,metadata_only,True,0,True,True,1.0,1.0,0.9955947136563876,0.6288264504368596,0.9977924944812362,0.0,997.966982,33462,18560,complete,False,5,1.0,0,0,0.0,,
2026-07-07-kw8r,mistral128b,master_v2,plan_then_execute,live_query_tool,False,0,False,True,0.8,0.7610619469026548,0.9942196531791907,0.6618847390551571,0.8621553884711778,0.0,1870.827443,83850,14863,complete,False,5,0.8070175438596491,0,0,0.0,,
2026-07-07-kw8r,mistral128b,master_v2,plan_then_execute,live_query_tool,True,0,True,True,1.0,1.0,0.9955947136563876,0.6745238544220252,0.9977924944812362,0.0,399.521852,102444,19402,complete,False,5,1.0,0,0,0.0,,
2026-07-07-kw8r,qwen35b,master_v2,write_then_critique,metadata_only,False,0,False,True,0.6,0.5827433628318585,0.9924642049736248,0.6631380851564338,0.7343183718985224,0.7597349999999999,5483.436089,90065,61882,partial,False,5,0.5789473684210527,0,2,0.0,,
2026-07-07-kw8r,qwen35b,master_v2,write_then_critique,metadata_only,True,0,True,True,1.0,0.9809734513274336,0.9955096542433768,0.6777477129235924,0.9881880989525297,0.82766,261.331341,98597,66935,partial,False,5,1.0,0,0,0.0,,
2026-07-07-kw8r,mistral128b,master_v2,write_then_critique,metadata_only,False,0,True,True,1.0,1.0,0.9955947136563876,0.6400779433025332,0.9977924944812362,0.0,1930.425555,93684,33933,partial,False,5,1.0,0,0,0.0,,
2026-07-07-kw8r,mistral128b,master_v2,write_then_critique,metadata_only,True,0,True,True,1.0,1.0,0.9955947136563876,0.6400779433025332,0.9977924944812362,0.0,160.508954,93684,33933,partial,False,5,1.0,0,0,0.0,,
2026-07-07-kw8r,mistral128b,master_v2,write_then_critique,live_query_tool,False,0,True,True,1.0,1.0,0.9955947136563876,0.7596957696901125,0.9977924944812362,0.0,3440.356057,405729,49941,partial,False,5,1.0,0,0,0.0,,
2026-07-07-kw8r,mistral128b,master_v2,write_then_critique,live_query_tool,True,0,True,True,1.0,1.0,0.9955947136563876,0.7596957696901125,0.9977924944812362,0.0,424.637513,405729,49941,partial,False,5,1.0,0,0,0.0,,
2026-07-07-kw8r,qwen35b,master_v2,write_then_critique,live_query_tool,False,0,False,True,0.4,0.2668141592920354,0.9836867862969005,0.808549843375714,0.4197702749738949,3.542985000000001,5938.014553,627980,80617,complete,False,5,0.45614035087719296,0,2,0.0,,
2026-07-07-kw8r,qwen35b,master_v2,write_then_critique,live_query_tool,True,0,True,True,1.0,1.0,0.9955947136563876,0.6964611226349865,0.9977924944812362,4.825875000000003,1118.385312,865126,100049,complete,False,5,1.0,0,0,0.0,,
2026-07-07-kw8r,qwen35b,master_v2,ensemble_vote,metadata_only,False,0,False,True,0.4,0.22876106194690266,0.9810246679316889,0.7058346839546191,0.3710082526013635,0.618975,1270.032273,64540,59255,complete,False,5,0.40350877192982454,0,0,0.0,,
2026-07-07-kw8r,mistral128b,master_v2,ensemble_vote,metadata_only,False,0,False,False,,,,,,,334.863212,,,,False,0,,,,,,
2026-07-07-kw8r,mistral128b,master_v2,ensemble_vote,metadata_only,True,0,False,False,,,,,,,75.845717,,,,False,0,,,,,,
2026-07-07-kw8r,qwen35b,master_v2,ensemble_vote,metadata_only,True,0,True,True,1.0,0.9809734513274336,0.9955096542433768,0.6299445947687153,0.9881880989525297,0.7142000000000001,1428.181681,76345,66495,complete,False,5,1.0,0,0,0.0,,
2026-07-07-kw8r,mistral128b,master_v2,ensemble_vote,live_query_tool,False,0,True,True,1.0,1.0,0.9955947136563876,0.7346156263750079,0.9977924944812362,0.0,1751.786938,432563,45968,complete,False,5,1.0,0,0,0.0,,
2026-07-07-kw8r,mistral128b,master_v2,ensemble_vote,live_query_tool,True,0,True,True,1.0,1.0,0.9955947136563876,0.7346156263750079,0.9977924944812362,0.0,615.692228,432563,45968,complete,False,5,1.0,0,0,0.0,,
2026-07-07-kw8r,qwen35b,master_v2,ensemble_vote,live_query_tool,False,0,False,True,0.4,0.5323008849557522,1.0,0.7093864957873501,0.6947733179324286,7.912809999999999,2870.171126,1471928,110634,complete,False,5,0.40350877192982454,0,0,0.0,,
2026-07-07-kw8r,qwen35b,master_v2,ensemble_vote,live_query_tool,True,0,True,True,1.0,1.0,0.9955947136563876,0.7412156640895091,0.9977924944812362,8.388324999999998,1663.611585,1551078,126587,complete,False,5,1.0,0,0,0.0,,
2026-07-07-kw8r,qwen35b,messy_data_v2,structured_per_table,metadata_only,False,0,False,True,0.8,0.7733732236350037,0.9942307692307693,0.6685855263157895,0.8700042069835927,0.23658,634.618437,33096,14220,complete,False,5,0.8070175438596491,0,0,0.0,,
2026-07-07-kw8r,qwen35b,messy_data_v2,structured_per_table,metadata_only,True,0,True,True,1.0,1.0,0.9955323901712584,0.6439418073696507,0.9977611940298508,0.278395,433.829923,37080,18599,complete,False,5,1.0,0,0,0.0,,
2026-07-07-kw8r,qwen35b,messy_data_v2,structured_per_table,live_query_tool,False,0,False,True,0.6,0.6836200448765893,1.0,0.6872586872586872,0.8120835184362505,1.01417,827.755845,180624,22210,complete,False,5,0.5789473684210527,0,0,0.0,,
2026-07-07-kw8r,qwen35b,messy_data_v2,structured_per_table,live_query_tool,True,0,True,True,1.0,1.0,0.9955323901712584,0.7440798555803334,0.9977611940298508,1.2718250000000002,422.413662,222819,31546,complete,False,5,1.0,0,0,0.0,,
2026-07-07-kw8r,mistral128b,messy_data_v2,structured_per_table,metadata_only,False,0,False,True,0.8,0.4143605086013463,0.5326923076923077,0.7237318840579711,0.4661337820782499,0.0,2814.102852,25713,7160,complete,False,5,0.8070175438596491,0,0,0.0,,
2026-07-07-kw8r,mistral128b,messy_data_v2,structured_per_table,metadata_only,True,0,True,True,1.0,0.6409872849663426,0.6381236038719286,0.6567232675539239,0.6395522388059702,0.0,159.108849,28810,8555,complete,False,5,1.0,0,0,0.0,,
2026-07-07-kw8r,qwen35b,messy_data_v2,write_tools_freeform,metadata_only,False,0,False,True,0.8,0.7733732236350037,0.9942307692307693,0.618421052631579,0.8700042069835927,0.16003000000000003,183.717858,26815,5191,complete,False,5,0.8070175438596491,0,0,0.0,,
2026-07-07-kw8r,mistral128b,messy_data_v2,structured_per_table,live_query_tool,False,0,True,True,1.0,1.0,0.9955323901712584,0.7468408197939896,0.9977611940298508,0.0,1445.253649,113967,10940,complete,False,5,1.0,0,0,0.0,,
2026-07-07-kw8r,mistral128b,messy_data_v2,structured_per_table,live_query_tool,True,0,True,True,1.0,1.0,0.9955323901712584,0.7468408197939896,0.9977611940298508,0.0,165.756265,113967,10940,complete,False,5,1.0,0,0,0.0,,
2026-07-07-kw8r,qwen35b,messy_data_v2,write_tools_freeform,metadata_only,True,0,False,True,0.8,0.7733732236350037,0.9942307692307693,0.5927905701754386,0.8700042069835927,0.74479,1777.778501,118516,30442,partial,False,5,0.8070175438596491,0,0,0.0,,
2026-07-07-kw8r,mistral128b,messy_data_v2,write_tools_freeform,metadata_only,False,0,True,True,1.0,1.0,0.9955323901712584,0.6698523946055007,0.9977611940298508,0.0,615.187706,31866,4364,complete,False,5,1.0,0,0,0.0,,
2026-07-07-kw8r,qwen35b,messy_data_v2,write_tools_freeform,live_query_tool,False,0,False,False,0.0,,,,,2.945870000000001,724.052581,583088,6086,gave_up,False,0,,0,0,0.0,,
2026-07-07-kw8r,mistral128b,messy_data_v2,write_tools_freeform,metadata_only,True,0,True,True,1.0,1.0,0.9955323901712584,0.6715514495062122,0.9977611940298508,0.0,325.458508,29110,3419,complete,False,5,1.0,0,0,0.0,,
2026-07-07-kw8r,mistral128b,messy_data_v2,write_tools_freeform,live_query_tool,False,0,True,True,1.0,1.0,0.9955323901712584,0.7124349580545821,0.9977611940298508,0.0,533.80553,93626,5289,complete,False,5,1.0,0,0,0.0,,
2026-07-07-kw8r,qwen35b,messy_data_v2,write_tools_freeform,live_query_tool,True,0,False,False,0.0,,,,,1.6379150000000005,908.89303,308103,19480,partial,False,0,,0,0,0.0,,
2026-07-07-kw8r,mistral128b,messy_data_v2,write_tools_freeform,live_query_tool,True,0,True,True,1.0,1.0,0.9955323901712584,0.7473717744504619,0.9977611940298508,0.0,591.495336,151986,6428,complete,False,5,1.0,0,0,0.0,,
2026-07-07-kw8r,qwen35b,messy_data_v2,plan_then_execute,metadata_only,False,0,False,True,0.8,0.7733732236350037,0.9942307692307693,0.6129385964912281,0.8700042069835927,0.258655,732.415968,21563,30168,complete,False,5,0.8070175438596491,0,0,0.0,,
2026-07-07-kw8r,qwen35b,messy_data_v2,plan_then_execute,metadata_only,True,0,True,True,1.0,1.0,0.9955323901712584,0.6255707762557078,0.9977611940298508,0.5075700000000001,562.955047,50224,51290,complete,False,5,1.0,0,0,0.0,,
2026-07-07-kw8r,mistral128b,messy_data_v2,plan_then_execute,metadata_only,False,0,True,True,1.0,1.0,0.9955323901712584,0.6109164277370712,0.9977611940298508,0.0,1323.473894,26616,12214,complete,False,5,1.0,0,0,0.0,,
2026-07-07-kw8r,qwen35b,messy_data_v2,plan_then_execute,live_query_tool,False,0,False,True,0.8,0.7733732236350037,0.9942307692307693,0.6163651315789473,0.8700042069835927,0.41742500000000005,1355.190467,50165,33320,complete,False,5,0.8070175438596491,0,0,0.0,,
2026-07-07-kw8r,qwen35b,messy_data_v2,plan_then_execute,live_query_tool,True,0,True,True,1.0,1.0,0.9955323901712584,0.6511627906976745,0.9977611940298508,0.4867450000000001,175.183941,60469,36880,complete,False,5,1.0,0,0,0.0,,
2026-07-07-kw8r,mistral128b,messy_data_v2,plan_then_execute,metadata_only,True,0,True,True,1.0,1.0,0.9955323901712584,0.6073059360730594,0.9977611940298508,0.0,608.98292,22196,10340,complete,False,5,1.0,0,0,0.0,,
2026-07-07-kw8r,mistral128b,messy_data_v2,plan_then_execute,live_query_tool,False,0,False,False,,,,,,,1830.068024,,,,False,0,,,,,,
2026-07-07-kw8r,mistral128b,messy_data_v2,plan_then_execute,live_query_tool,True,0,False,False,,,,,,,1816.525128,,,,False,0,,,,,,
2026-07-07-kw8r,qwen35b,messy_data_v2,write_then_critique,metadata_only,False,0,True,True,1.0,1.0,0.9955323901712584,0.6559413826059255,0.9977611940298508,0.8209200000000001,8997.168582,97508,66676,partial,False,5,1.0,0,5,0.0,,
2026-07-07-kw8r,mistral128b,messy_data_v2,write_then_critique,metadata_only,False,0,True,True,1.0,1.0,0.9955323901712584,0.6468089625146013,0.9977611940298508,0.0,2601.42173,95362,24975,partial,False,5,1.0,0,0,0.0,,
2026-07-07-kw8r,mistral128b,messy_data_v2,write_then_critique,metadata_only,True,0,True,True,1.0,1.0,0.9955323901712584,0.6468089625146013,0.9977611940298508,0.0,166.322871,95362,24975,partial,False,5,1.0,0,0,0.0,,
2026-07-07-kw8r,mistral128b,messy_data_v2,write_then_critique,live_query_tool,False,0,True,True,1.0,1.0,0.9955323901712584,0.7554422852288415,0.9977611940298508,0.0,4050.363163,357688,39910,partial,False,5,1.0,0,0,0.0,,
2026-07-07-kw8r,mistral128b,messy_data_v2,write_then_critique,live_query_tool,True,0,True,True,1.0,1.0,0.9955323901712584,0.7554422852288415,0.9977611940298508,0.0,419.26916,357688,39910,partial,False,5,1.0,0,0,0.0,,
2026-07-07-kw8r,qwen35b,messy_data_v2,write_then_critique,metadata_only,True,0,False,False,,,,,,,10179.904866,,,,False,0,,,,,,
2026-07-07-kw8r,qwen35b,messy_data_v2,write_then_critique,live_query_tool,False,0,False,True,0.8,0.7733732236350037,0.9942307692307693,0.7176535087719298,0.8700042069835927,5.505370000000003,9368.925955,1015409,85665,partial,False,5,0.8070175438596491,0,2,0.0,,
2026-07-07-kw8r,qwen35b,messy_data_v2,write_then_critique,live_query_tool,True,0,False,False,,,,,,,8057.637793,,,,False,0,,,,,,
2026-07-07-kw8r,qwen35b,messy_data_v2,ensemble_vote,metadata_only,False,0,False,True,0.8,0.6836200448765893,0.8788461538461538,0.6192084942084942,0.769036600757257,0.654285,912.899681,73371,57486,complete,False,5,0.7894736842105263,0,0,0.0,,
2026-07-07-kw8r,mistral128b,messy_data_v2,ensemble_vote,metadata_only,False,0,False,True,0.8,0.7733732236350037,0.9942307692307693,0.6800986842105263,0.8700042069835927,0.0,618.971115,94244,24015,complete,False,5,0.8070175438596491,0,0,0.0,,
2026-07-07-kw8r,qwen35b,messy_data_v2,ensemble_vote,metadata_only,True,0,True,True,1.0,0.9102468212415856,0.9061801935964259,0.6267242413338131,0.9082089552238806,0.68785,856.160773,77299,60271,complete,False,5,0.9824561403508771,0,0,0.0,,
2026-07-07-kw8r,mistral128b,messy_data_v2,ensemble_vote,metadata_only,True,0,True,True,1.0,1.0,0.9955323901712584,0.6489327811404906,0.9977611940298508,0.0,268.3836,98127,25409,complete,False,5,1.0,0,0,0.0,,
2026-07-07-kw8r,qwen35b,messy_data_v2,ensemble_vote,live_query_tool,False,0,False,True,0.8,0.7733732236350037,0.9942307692307693,0.6632401315789473,0.8700042069835927,3.5752,1322.362238,630299,84741,complete,False,5,0.8070175438596491,0,0,0.0,,
2026-07-07-kw8r,mistral128b,messy_data_v2,ensemble_vote,live_query_tool,False,0,False,True,0.8,0.7733732236350037,0.9942307692307693,0.7393092105263158,0.8700042069835927,0.0,2275.843131,336367,38062,complete,False,5,0.8070175438596491,0,0,0.0,,
2026-07-07-kw8r,qwen35b,messy_data_v2,ensemble_vote,live_query_tool,True,0,True,True,1.0,1.0,0.9955323901712584,0.6947010725284061,0.9977611940298508,3.895035,1063.279126,682513,96494,complete,False,5,1.0,0,0,0.0,,
2026-07-07-kw8r,qwen35b,missing_relations_v2,structured_per_table,metadata_only,False,0,False,True,0.6,0.3887005649717514,1.0,0.5358695652173913,0.5598047192839707,0.201075,372.329074,24598,15617,complete,False,5,0.631578947368421,0,0,0.0,,
2026-07-07-kw8r,qwen35b,missing_relations_v2,structured_per_table,metadata_only,True,0,True,True,1.0,1.0,1.0,0.5307531716717521,1.0,0.29241,335.342707,37509,20973,complete,False,5,1.0,0,0,0.0,,
2026-07-07-kw8r,qwen35b,missing_relations_v2,structured_per_table,live_query_tool,False,0,False,True,0.8,0.8282485875706215,1.0,0.6301708170405433,0.9060568603213844,1.105125,715.218396,201106,19919,complete,False,5,0.7719298245614035,0,0,0.0,,
2026-07-07-kw8r,qwen35b,missing_relations_v2,structured_per_table,live_query_tool,True,0,True,True,1.0,1.0,1.0,0.5930624698891922,1.0,1.12984,239.463037,204758,21210,complete,False,5,1.0,0,0,0.0,,
2026-07-07-kw8r,mistral128b,messy_data_v2,ensemble_vote,live_query_tool,True,0,True,True,1.0,1.0,0.9955323901712584,0.7516194117022407,0.9977611940298508,0.0,2321.36928,480842,48073,complete,False,5,1.0,0,0,0.0,,
2026-07-07-kw8r,mistral128b,missing_relations_v2,structured_per_table,metadata_only,False,0,False,True,0.8,0.9096045197740112,1.0,0.6070455783548211,0.9526627218934911,0.0,700.896958,28632,8638,complete,False,5,0.7719298245614035,0,0,0.0,,
2026-07-07-kw8r,qwen35b,missing_relations_v2,write_tools_freeform,metadata_only,False,0,False,False,0.0,,,,,0.11807500000000001,159.514058,19925,3690,gave_up,False,0,,0,0,0.0,,
2026-07-07-kw8r,mistral128b,missing_relations_v2,structured_per_table,metadata_only,True,0,True,True,1.0,1.0,1.0,0.6010920186285531,1.0,0.0,301.456069,31833,9487,complete,False,5,1.0,0,0,0.0,,
2026-07-07-kw8r,qwen35b,missing_relations_v2,write_tools_freeform,metadata_only,True,0,True,False,0.0,,,,,0.34659999999999996,390.83531,55916,13404,complete,True,0,,0,0,0.0,,
2026-07-07-kw8r,qwen35b,missing_relations_v2,write_tools_freeform,live_query_tool,False,0,True,True,1.0,1.0,1.0,0.5901718323430223,1.0,0.735005,371.024102,135328,11673,complete,False,5,1.0,0,0,0.0,,
2026-07-07-kw8r,qwen35b,missing_relations_v2,write_tools_freeform,live_query_tool,True,0,False,False,0.0,,,,,0.11799000000000001,82.672372,22285,1313,gave_up,False,0,,0,0,0.0,,
2026-07-07-kw8r,mistral128b,missing_relations_v2,structured_per_table,live_query_tool,False,0,True,True,1.0,0.9096045197740112,0.9106334841628959,0.6012347920828037,0.9101187111362352,0.0,1349.717244,146977,12951,complete,False,5,1.0,0,0,0.0,,
2026-07-07-kw8r,mistral128b,missing_relations_v2,structured_per_table,live_query_tool,True,0,True,True,1.0,0.9096045197740112,0.9106334841628959,0.6012347920828037,0.9101187111362352,0.0,161.190624,146977,12951,complete,False,5,1.0,0,0,0.0,,
2026-07-07-kw8r,mistral128b,missing_relations_v2,write_tools_freeform,metadata_only,False,0,True,True,1.0,0.7502824858757062,0.8924731182795699,0.6002136752136752,0.8152240638428483,0.0,462.536837,26567,3166,complete,False,5,1.0,0,0,0.0,,
2026-07-07-kw8r,mistral128b,missing_relations_v2,write_tools_freeform,metadata_only,True,0,True,True,1.0,1.0,1.0,0.595792516460575,1.0,0.0,934.0413,106565,4895,complete,False,5,1.0,0,0,0.0,,
2026-07-07-kw8r,mistral128b,missing_relations_v2,write_tools_freeform,live_query_tool,False,0,True,True,1.0,1.0,1.0,0.5880841496707885,1.0,0.0,507.914225,138786,5262,complete,False,5,1.0,0,0,0.0,,
2026-07-07-kw8r,mistral128b,missing_relations_v2,write_tools_freeform,live_query_tool,True,0,True,True,1.0,1.0,1.0,0.5927412879396178,1.0,0.0,519.093776,194539,7575,complete,False,5,1.0,0,0,0.0,,
2026-07-07-kw8r,qwen35b,missing_relations_v2,plan_then_execute,metadata_only,False,0,True,True,1.0,1.0,1.0,0.5273807612012205,1.0,0.313725,973.132726,26822,35923,complete,False,5,1.0,0,0,0.0,,
2026-07-07-kw8r,qwen35b,missing_relations_v2,plan_then_execute,metadata_only,True,0,True,True,1.0,1.0,1.0,0.5273807612012205,1.0,0.313725,64.721906,26822,35923,complete,False,5,1.0,0,0,0.0,,
2026-07-07-kw8r,qwen35b,missing_relations_v2,plan_then_execute,live_query_tool,False,0,False,True,0.8,0.6384180790960452,1.0,0.5240306477826794,0.7793103448275862,1.0819699999999999,912.201178,184549,31845,complete,False,5,0.8245614035087719,0,0,0.0,,
2026-07-07-kw8r,qwen35b,missing_relations_v2,plan_then_execute,live_query_tool,True,0,True,True,1.0,1.0,1.0,0.550666452545367,1.0,1.113835,246.167076,188432,34335,complete,False,5,1.0,0,0,0.0,,
2026-07-07-kw8r,mistral128b,missing_relations_v2,plan_then_execute,metadata_only,False,0,False,False,,,,,,,1801.419733,,,,False,0,,,,,,
2026-07-07-kw8r,mistral128b,missing_relations_v2,plan_then_execute,metadata_only,True,0,False,False,,,,,,,1801.340231,,,,False,0,,,,,,
2026-07-07-kw8r,mistral128b,missing_relations_v2,plan_then_execute,live_query_tool,False,0,True,True,1.0,1.0,1.0,0.6051067929982334,1.0,0.0,1186.836105,81687,12585,complete,False,5,1.0,0,0,0.0,,
2026-07-07-kw8r,mistral128b,missing_relations_v2,plan_then_execute,live_query_tool,True,0,True,True,1.0,1.0,1.0,0.6051067929982334,1.0,0.0,135.653336,81687,12585,complete,False,5,1.0,0,0,0.0,,
2026-07-07-kw8r,qwen35b,missing_relations_v2,write_then_critique,metadata_only,False,0,False,False,,,,,,,8491.302122,,,,False,0,,,,,,
2026-07-07-kw8r,mistral128b,missing_relations_v2,write_then_critique,metadata_only,False,0,True,True,1.0,1.0,1.0,0.6051067929982334,1.0,0.0,3832.650897,75795,18230,partial,False,5,1.0,0,0,0.0,,
2026-07-07-kw8r,mistral128b,missing_relations_v2,write_then_critique,metadata_only,True,0,False,True,0.8,0.7502824858757062,1.0,0.604059829059829,0.8573273079406069,0.0,1370.241265,87452,21013,partial,False,5,0.8070175438596491,0,0,0.0,,
2026-07-07-kw8r,mistral128b,missing_relations_v2,write_then_critique,live_query_tool,False,0,True,True,1.0,1.0,1.0,0.5961136984101494,1.0,0.0,4814.809306,374459,30757,partial,False,5,1.0,0,0,0.0,,
2026-07-07-kw8r,mistral128b,missing_relations_v2,write_then_critique,live_query_tool,True,0,True,True,1.0,1.0,1.0,0.5961136984101494,1.0,0.0,474.923572,374459,30757,partial,False,5,1.0,0,0,0.0,,
2026-07-07-kw8r,qwen35b,missing_relations_v2,write_then_critique,metadata_only,True,0,False,False,,,,,,,13521.605126,,,,False,0,,,,,,
2026-07-07-kw8r,qwen35b,missing_relations_v2,write_then_critique,live_query_tool,False,0,False,False,,,,,,,5720.764435,,,,False,0,,,,,,
2026-07-07-kw8r,qwen35b,missing_relations_v2,write_then_critique,live_query_tool,True,0,False,False,,,,,,,463.136369,,,,False,0,,,,,,
2026-07-07-kw8r,qwen35b,missing_relations_v2,ensemble_vote,metadata_only,False,0,False,True,0.8,0.8734463276836159,1.0,0.5272727272727272,0.9324487334137516,0.6537650000000003,638.109386,71753,59000,complete,False,5,0.8245614035087719,0,0,0.0,,
2026-07-07-kw8r,qwen35b,missing_relations_v2,ensemble_vote,metadata_only,True,0,True,True,1.0,1.0,1.0,0.5275413521760077,1.0,0.6842500000000002,214.316799,75388,61462,complete,False,5,1.0,0,0,0.0,,
2026-07-07-kw8r,qwen35b,missing_relations_v2,ensemble_vote,live_query_tool,False,0,True,True,1.0,1.0,1.0,0.5564477276377068,1.0,4.225364999999999,1466.118154,768600,76473,complete,False,5,1.0,0,0,0.0,,
2026-07-07-kw8r,qwen35b,missing_relations_v2,ensemble_vote,live_query_tool,True,0,True,True,1.0,1.0,1.0,0.5564477276377068,1.0,4.225364999999999,670.714828,768600,76473,complete,False,5,1.0,0,0,0.0,,
2026-07-07-kw8r,mistral128b,missing_relations_v2,ensemble_vote,metadata_only,False,0,True,True,1.0,1.0,1.0,0.6051067929982334,1.0,0.0,1248.416692,92851,28128,complete,False,5,1.0,0,0,0.0,,
2026-07-07-kw8r,mistral128b,missing_relations_v2,ensemble_vote,metadata_only,True,0,True,True,1.0,1.0,1.0,0.6051067929982334,1.0,0.0,190.782469,92851,28128,complete,False,5,1.0,0,0,0.0,,
2026-07-07-kw8r,qwen35b,wrong_field_names_v2,structured_per_table,metadata_only,False,0,False,True,0.6,0.6736938588450962,1.0,0.6855409504550051,0.8050383351588171,0.24754,656.956267,25013,24495,complete,False,5,0.5964912280701754,0,0,0.0,,
2026-07-07-kw8r,qwen35b,wrong_field_names_v2,structured_per_table,metadata_only,True,0,True,True,1.0,1.0,1.0,0.6635866736074961,1.0,0.3864350000000001,334.023349,41655,35632,complete,False,5,1.0,0,0,0.0,,
2026-07-07-kw8r,qwen35b,wrong_field_names_v2,structured_per_table,live_query_tool,False,0,False,True,0.8,0.9083409715857012,1.0,0.7435141509433962,0.951969260326609,0.9981549999999999,728.442909,178167,21464,complete,False,5,0.7719298245614035,0,0,0.0,,
2026-07-07-kw8r,qwen35b,wrong_field_names_v2,structured_per_table,live_query_tool,True,0,True,True,1.0,1.0,1.0,0.7576782925559604,1.0,1.0255299999999998,241.545432,181996,23110,complete,False,5,1.0,0,0,0.0,,
2026-07-07-kw8r,mistral128b,missing_relations_v2,ensemble_vote,live_query_tool,False,0,True,True,1.0,0.9096045197740112,0.9106334841628959,0.5779916469947339,0.9101187111362352,0.0,2538.230517,646761,33884,complete,False,5,1.0,0,0,0.0,,
2026-07-07-kw8r,mistral128b,missing_relations_v2,ensemble_vote,live_query_tool,True,0,True,True,1.0,0.9096045197740112,0.9106334841628959,0.5779916469947339,0.9101187111362352,0.0,659.44678,646761,33884,complete,False,5,1.0,0,0,0.0,,
2026-07-07-kw8r,mistral128b,wrong_field_names_v2,structured_per_table,metadata_only,False,0,True,True,1.0,1.0,1.0,0.7895627277459657,1.0,0.0,1329.910312,19662,10915,complete,False,5,1.0,0,0,0.0,,
2026-07-07-kw8r,mistral128b,wrong_field_names_v2,structured_per_table,metadata_only,True,0,True,True,1.0,1.0,1.0,0.7895627277459657,1.0,0.0,65.011463,19662,10915,complete,False,5,1.0,0,0,0.0,,
2026-07-07-kw8r,qwen35b,wrong_field_names_v2,write_tools_freeform,metadata_only,False,0,False,False,0.0,,,,,0.309165,433.114204,49315,12518,complete,True,0,,0,0,0.0,,
2026-07-07-kw8r,qwen35b,wrong_field_names_v2,write_tools_freeform,metadata_only,True,0,True,True,0.2,1.0,1.0,0.8888888888888888,1.0,0.200635,209.413914,33615,6512,complete,False,1,1.0,0,0,0.0,,
2026-07-07-kw8r,qwen35b,wrong_field_names_v2,write_tools_freeform,live_query_tool,False,0,False,False,0.0,,,,,0.267035,145.186753,49876,3531,gave_up,False,0,,0,0,0.0,,
2026-07-07-kw8r,qwen35b,wrong_field_names_v2,write_tools_freeform,live_query_tool,True,0,False,False,0.0,,,,,0.14580500000000002,101.48936,26813,2348,gave_up,False,0,,0,0,0.0,,
2026-07-07-kw8r,mistral128b,wrong_field_names_v2,structured_per_table,live_query_tool,False,0,True,True,1.0,1.0,1.0,0.7928162415408642,1.0,0.0,905.932307,59378,8949,complete,False,5,1.0,0,0,0.0,,
2026-07-07-kw8r,mistral128b,wrong_field_names_v2,structured_per_table,live_query_tool,True,0,True,True,1.0,1.0,1.0,0.7928162415408642,1.0,0.0,110.29242,59378,8949,complete,False,5,1.0,0,0,0.0,,
2026-07-07-kw8r,mistral128b,wrong_field_names_v2,write_tools_freeform,metadata_only,False,0,True,True,1.0,1.0,1.0,0.7988027069234773,1.0,0.0,573.81187,35938,3689,complete,False,5,1.0,0,0,0.0,,
2026-07-07-kw8r,mistral128b,wrong_field_names_v2,write_tools_freeform,metadata_only,True,0,True,True,1.0,1.0,1.0,0.7947683498178032,1.0,0.0,434.881677,27884,3031,complete,False,5,1.0,0,0,0.0,,
2026-07-07-kw8r,mistral128b,wrong_field_names_v2,write_tools_freeform,live_query_tool,False,0,True,True,1.0,1.0,1.0,0.7988027069234773,1.0,0.0,467.784171,62487,4916,complete,False,5,1.0,0,0,0.0,,
2026-07-07-kw8r,mistral128b,wrong_field_names_v2,write_tools_freeform,live_query_tool,True,0,True,True,1.0,1.0,1.0,0.7988027069234773,1.0,0.0,353.919746,94667,6666,complete,False,5,1.0,0,0,0.0,,
2026-07-07-kw8r,qwen35b,wrong_field_names_v2,plan_then_execute,metadata_only,False,0,False,True,0.2,0.1842346471127406,1.0,0.8883360972913211,0.3111455108359133,0.27034,1285.691194,22240,31828,complete,False,5,0.22807017543859648,0,0,0.0,,
2026-07-07-kw8r,qwen35b,wrong_field_names_v2,plan_then_execute,metadata_only,True,0,True,True,1.0,1.0,1.0,0.7222800624674649,1.0,0.431055,416.814846,37973,48238,complete,False,5,1.0,0,0,0.0,,
2026-07-07-kw8r,qwen35b,wrong_field_names_v2,plan_then_execute,live_query_tool,False,0,False,True,0.8,0.7846012832263978,1.0,0.6900149031296572,0.879301489470981,0.55852,900.355746,87212,24492,complete,False,5,0.8070175438596491,0,0,0.0,,
2026-07-07-kw8r,qwen35b,wrong_field_names_v2,plan_then_execute,live_query_tool,True,0,True,True,1.0,1.0,1.0,0.7247527329515877,1.0,0.5877100000000001,172.917105,91422,26120,complete,False,5,1.0,0,0,0.0,,
2026-07-07-kw8r,mistral128b,wrong_field_names_v2,plan_then_execute,metadata_only,False,0,False,False,,,,,,,1801.511901,,,,False,0,,,,,,
2026-07-07-kw8r,mistral128b,wrong_field_names_v2,plan_then_execute,metadata_only,True,0,False,False,,,,,,,1801.515947,,,,False,0,,,,,,
2026-07-07-kw8r,mistral128b,wrong_field_names_v2,plan_then_execute,live_query_tool,False,0,True,True,1.0,1.0,1.0,0.78878188443519,1.0,0.0,771.731705,55308,11955,complete,False,5,1.0,0,0,0.0,,
2026-07-07-kw8r,mistral128b,wrong_field_names_v2,plan_then_execute,live_query_tool,True,0,True,True,1.0,1.0,1.0,0.78878188443519,1.0,0.0,100.463338,55308,11955,complete,False,5,1.0,0,0,0.0,,
2026-07-07-kw8r,qwen35b,wrong_field_names_v2,write_then_critique,metadata_only,False,0,False,True,0.8,0.7846012832263978,1.0,0.6878622288458354,0.879301489470981,0.488695,4076.151613,53645,44094,complete,False,5,0.8070175438596491,0,2,0.0,,
2026-07-07-kw8r,qwen35b,wrong_field_names_v2,write_then_critique,metadata_only,True,0,True,True,1.0,1.0,1.0,0.6384695471108798,1.0,0.5252749999999999,180.211519,57591,47464,complete,False,5,1.0,0,0,0.0,,
2026-07-07-kw8r,mistral128b,wrong_field_names_v2,write_then_critique,metadata_only,False,0,True,True,1.0,1.0,1.0,0.7682196772514316,1.0,0.0,1151.491391,68459,21625,partial,False,5,1.0,0,0,0.0,,
2026-07-07-kw8r,mistral128b,wrong_field_names_v2,write_then_critique,metadata_only,True,0,True,True,1.0,1.0,1.0,0.7682196772514316,1.0,0.0,125.982306,68459,21625,partial,False,5,1.0,0,0,0.0,,
2026-07-07-kw8r,mistral128b,wrong_field_names_v2,write_then_critique,live_query_tool,False,0,True,True,1.0,1.0,1.0,0.7988027069234773,1.0,0.0,2100.650967,274289,43441,partial,False,5,1.0,0,0,0.0,,
2026-07-07-kw8r,mistral128b,wrong_field_names_v2,write_then_critique,live_query_tool,True,0,True,True,1.0,1.0,1.0,0.7988027069234773,1.0,0.0,1490.969832,301660,46998,partial,False,5,1.0,0,0,0.0,,
2026-07-07-kw8r,qwen35b,wrong_field_names_v2,write_then_critique,live_query_tool,False,0,False,True,0.6,0.4912923923006416,1.0,0.8700045934772623,0.6588813767670559,2.657015,8298.184399,452441,78962,partial,False,5,0.6491228070175439,0,3,0.0,,
2026-07-07-kw8r,qwen35b,wrong_field_names_v2,write_then_critique,live_query_tool,True,0,True,True,1.0,1.0,1.0,0.7827954190525768,1.0,3.2828350000000004,3590.197773,571937,84630,partial,False,5,1.0,0,0,0.0,,
2026-07-07-kw8r,qwen35b,wrong_field_names_v2,ensemble_vote,metadata_only,False,0,False,True,0.6,0.4912923923006416,1.0,0.8314193844740468,0.6588813767670559,0.8303400000000001,826.340131,104031,62037,complete,False,5,0.6491228070175439,0,0,0.0,,
2026-07-07-kw8r,qwen35b,wrong_field_names_v2,ensemble_vote,metadata_only,True,0,False,True,0.8,0.8579285059578369,1.0,0.7728753331359195,0.9235323137641835,1.03769,601.393154,128358,79180,partial,False,5,0.8245614035087719,0,0,0.0,,
2026-07-07-kw8r,mistral128b,wrong_field_names_v2,ensemble_vote,metadata_only,False,0,True,True,1.0,1.0,1.0,0.7399791775117126,1.0,0.0,638.494435,70547,38879,complete,False,5,1.0,0,0,0.0,,
2026-07-07-kw8r,mistral128b,wrong_field_names_v2,ensemble_vote,metadata_only,True,0,True,True,1.0,1.0,1.0,0.7399791775117126,1.0,0.0,145.567351,70547,38879,complete,False,5,1.0,0,0,0.0,,
2026-07-07-kw8r,mistral128b,wrong_field_names_v2,ensemble_vote,live_query_tool,False,0,True,True,1.0,1.0,1.0,0.7928162415408642,1.0,0.0,1164.283534,243286,25218,complete,False,5,1.0,0,0,0.0,,
2026-07-07-kw8r,mistral128b,wrong_field_names_v2,ensemble_vote,live_query_tool,True,0,True,True,1.0,1.0,1.0,0.7928162415408642,1.0,0.0,393.320786,243286,25218,complete,False,5,1.0,0,0,0.0,,
2026-07-07-kw8r,qwen35b,wrong_field_names_v2,ensemble_vote,live_query_tool,False,0,True,True,1.0,1.0,1.0,0.7509109838625716,1.0,4.03528,1826.09287,700018,107038,complete,False,5,1.0,0,0,0.0,,
2026-07-07-kw8r,qwen35b,wrong_field_names_v2,ensemble_vote,live_query_tool,True,0,True,True,1.0,1.0,1.0,0.7509109838625716,1.0,4.03528,553.871269,700018,107038,complete,False,5,1.0,0,0,0.0,,
2026-07-07-kw8r,qwen35b,master_v2,structured_per_table,metadata_only,False,1,False,True,0.8,0.7610619469026548,0.9942196531791907,0.6219803776073872,0.8621553884711778,0.20839000000000002,821.297929,22678,19000,complete,False,5,0.8070175438596491,0,0,0.0,,
2026-07-07-kw8r,mistral128b,master_v2,structured_per_table,metadata_only,False,1,False,True,0.6,0.40707964601769914,0.989247311827957,0.7482603356528857,0.5768025078369907,0.0,493.53478,17519,10441,complete,False,5,0.631578947368421,0,0,0.0,,
2026-07-07-kw8r,qwen35b,master_v2,structured_per_table,metadata_only,True,1,True,True,1.0,1.0,0.9955947136563876,0.610974919856685,0.9977924944812362,0.34601000000000004,740.247609,39544,29658,complete,False,5,1.0,0,0,0.0,,
2026-07-07-kw8r,mistral128b,master_v2,structured_per_table,metadata_only,True,1,True,True,1.0,1.0,0.9955947136563876,0.659815198943994,0.9977924944812362,0.0,405.679748,32931,20651,complete,False,5,1.0,0,0,0.0,,
2026-07-07-kw8r,mistral128b,master_v2,structured_per_table,live_query_tool,False,1,True,True,1.0,1.0,0.9955947136563876,0.7501414293795965,0.9977924944812362,0.0,915.968192,157083,14328,complete,False,5,1.0,0,0,0.0,,
2026-07-07-kw8r,mistral128b,master_v2,structured_per_table,live_query_tool,True,1,True,True,1.0,1.0,0.9955947136563876,0.7501414293795965,0.9977924944812362,0.0,181.26325,157083,14328,complete,False,5,1.0,0,0,0.0,,
2026-07-07-kw8r,qwen35b,master_v2,structured_per_table,live_query_tool,False,1,False,True,0.8,0.7610619469026548,0.9942196531791907,0.7236049959565101,0.8621553884711778,2.6984200000000005,1521.375792,502927,36757,complete,False,5,0.6491228070175439,0,0,0.0,,
2026-07-07-kw8r,qwen35b,master_v2,structured_per_table,live_query_tool,True,1,True,True,1.0,1.0,0.9955947136563876,0.7377423033067275,0.9977924944812362,4.152375,1073.648408,773819,56656,complete,False,5,0.8421052631578947,0,0,0.0,,
2026-07-07-kw8r,qwen35b,master_v2,write_tools_freeform,metadata_only,False,1,False,True,0.8,0.7610619469026548,0.9942196531791907,0.6284936928023744,0.8621553884711778,0.16815000000000002,191.541927,27260,6370,complete,False,5,0.8070175438596491,0,0,0.0,,
2026-07-07-kw8r,mistral128b,master_v2,write_tools_freeform,metadata_only,False,1,False,True,0.8,0.7610619469026548,0.9942196531791907,0.6622145271662957,0.8621553884711778,0.0,701.410168,36501,6356,complete,False,5,0.8070175438596491,0,0,0.0,,
2026-07-07-kw8r,qwen35b,master_v2,write_tools_freeform,metadata_only,True,1,True,True,1.0,1.0,0.9955947136563876,0.6618266390093658,0.9977924944812362,1.125235,1289.496838,182774,42273,complete,False,5,1.0,0,0,0.0,,
2026-07-07-kw8r,qwen35b,master_v2,write_tools_freeform,live_query_tool,False,1,False,False,0.0,,,,,0.13786,145.79586,22221,5351,gave_up,False,0,,0,0,0.0,,
2026-07-07-kw8r,qwen35b,master_v2,write_tools_freeform,live_query_tool,True,1,False,False,0.0,,,,,0.13464,76.618024,25987,941,gave_up,False,0,,0,0,0.0,,
2026-07-07-kw8r,mistral128b,master_v2,write_tools_freeform,metadata_only,True,1,True,True,1.0,1.0,0.9955947136563876,0.6916210949776855,0.9977924944812362,0.0,1123.840512,160828,11700,complete,False,5,1.0,0,0,0.0,,
2026-07-07-kw8r,mistral128b,master_v2,write_tools_freeform,live_query_tool,False,1,False,False,,,,,,,4287.543957,,,,False,0,,,,,,
2026-07-07-kw8r,mistral128b,master_v2,write_tools_freeform,live_query_tool,True,1,True,True,1.0,1.0,0.9955947136563876,0.7440442516814382,0.9977924944812362,0.0,2309.495881,718463,17347,complete,False,5,1.0,0,0,0.0,,
2026-07-07-kw8r,qwen35b,master_v2,plan_then_execute,metadata_only,False,1,False,True,0.4,0.17831858407079645,0.6574225122349103,0.7047146401985112,0.28054298642533937,0.24014500000000005,4543.193133,22000,26029,complete,False,5,0.45614035087719296,0,2,0.0,,
2026-07-07-kw8r,qwen35b,master_v2,plan_then_execute,metadata_only,True,1,False,True,0.8,0.672566371681416,0.8786127167630058,0.5944428308645561,0.7619047619047619,0.5363300000000002,1307.26561,54820,52446,partial,False,5,0.8070175438596491,0,0,0.0,,
2026-07-07-kw8r,qwen35b,master_v2,plan_then_execute,live_query_tool,False,1,False,False,,,,,,,680.373081,,,,False,0,,,,,,
2026-07-07-kw8r,qwen35b,master_v2,plan_then_execute,live_query_tool,True,1,False,False,,,,,,,137.394668,,,,False,0,,,,,,
2026-07-07-kw8r,mistral128b,master_v2,plan_then_execute,metadata_only,False,1,False,False,,,,,,,1801.446701,,,,False,0,,,,,,
2026-07-07-kw8r,mistral128b,master_v2,plan_then_execute,metadata_only,True,1,False,False,,,,,,,1801.446656,,,,False,0,,,,,,
2026-07-07-kw8r,mistral128b,master_v2,plan_then_execute,live_query_tool,False,1,False,False,,,,,,,1815.094904,,,,False,0,,,,,,
2026-07-07-kw8r,mistral128b,master_v2,plan_then_execute,live_query_tool,True,1,True,True,1.0,1.0,0.9955947136563876,0.7299013137217927,0.9977924944812362,0.0,2567.821312,116393,20484,complete,False,5,1.0,0,0,0.0,,
2026-07-07-kw8r,qwen35b,master_v2,write_then_critique,metadata_only,False,1,False,False,,,,,,,8509.864173,,,,False,0,,,,,,
2026-07-07-kw8r,mistral128b,master_v2,write_then_critique,metadata_only,False,1,True,True,1.0,1.0,0.9955947136563876,0.67659815198944,0.9977924944812362,0.0,939.890733,64391,21364,partial,False,5,1.0,0,0,0.0,,
2026-07-07-kw8r,mistral128b,master_v2,write_then_critique,metadata_only,True,1,True,True,1.0,1.0,0.9955947136563876,0.67659815198944,0.9977924944812362,0.0,120.169837,64391,21364,partial,False,5,1.0,0,0,0.0,,
2026-07-07-kw8r,qwen35b,master_v2,write_then_critique,metadata_only,True,1,True,True,1.0,1.0,0.9955947136563876,0.5914262367213526,0.9977924944812362,0.923105,3660.726654,109249,75372,partial,False,5,1.0,0,0,0.0,,
2026-07-07-kw8r,mistral128b,master_v2,write_then_critique,live_query_tool,False,1,True,True,1.0,1.0,0.9955947136563876,0.7139983657049469,0.9977924944812362,0.0,3741.59826,332893,47104,partial,False,5,1.0,0,0,0.0,,
2026-07-07-kw8r,mistral128b,master_v2,write_then_critique,live_query_tool,True,1,True,True,1.0,1.0,0.9955947136563876,0.7139983657049469,0.9977924944812362,0.0,379.874528,332893,47104,partial,False,5,1.0,0,0,0.0,,
2026-07-07-kw8r,qwen35b,master_v2,write_then_critique,live_query_tool,False,1,True,True,1.0,0.7610619469026548,0.9942196531791907,0.7490312474235303,0.8621553884711778,3.8101699999999994,5733.73166,643786,118248,partial,False,5,0.8947368421052632,0,0,0.0,,
2026-07-07-kw8r,qwen35b,master_v2,write_then_critique,live_query_tool,True,1,True,True,1.0,0.7610619469026548,0.9942196531791907,0.7490312474235303,0.8621553884711778,3.8101699999999994,463.669849,643786,118248,partial,False,5,0.8947368421052632,0,0,0.0,,
2026-07-07-kw8r,qwen35b,master_v2,ensemble_vote,metadata_only,False,1,False,True,0.4,0.22876106194690266,0.9810246679316889,0.6029173419773096,0.3710082526013635,0.7419650000000002,921.995388,90736,57657,complete,False,5,0.40350877192982454,0,0,0.0,,
2026-07-07-kw8r,qwen35b,master_v2,ensemble_vote,metadata_only,True,1,True,True,1.0,1.0,0.9955947136563876,0.5887862216355522,0.9977924944812362,1.00327,623.650645,124798,75856,complete,False,5,1.0,0,0,0.0,,
2026-07-07-kw8r,mistral128b,master_v2,ensemble_vote,metadata_only,False,1,True,True,1.0,1.0,0.9955947136563876,0.6743352819158966,0.9977924944812362,0.0,737.203551,89687,34229,complete,False,5,1.0,0,0,0.0,,
2026-07-07-kw8r,mistral128b,master_v2,ensemble_vote,metadata_only,True,1,True,True,1.0,1.0,0.9955947136563876,0.6743352819158966,0.9977924944812362,0.0,187.274216,89687,34229,complete,False,5,1.0,0,0,0.0,,
2026-07-07-kw8r,mistral128b,master_v2,ensemble_vote,live_query_tool,False,1,True,True,1.0,1.0,0.9955947136563876,0.748444276824439,0.9977924944812362,0.0,1002.183384,359711,39643,complete,False,5,1.0,0,0,0.0,,
2026-07-07-kw8r,mistral128b,master_v2,ensemble_vote,live_query_tool,True,1,True,True,1.0,1.0,0.9955947136563876,0.748444276824439,0.9977924944812362,0.0,385.177274,359711,39643,complete,False,5,1.0,0,0,0.0,,
2026-07-07-kw8r,qwen35b,master_v2,ensemble_vote,live_query_tool,False,1,False,True,0.6,0.672566371681416,1.0,0.7249491722335173,0.8042328042328042,7.003310000000001,2401.832258,1259216,141446,complete,False,5,0.5789473684210527,0,0,0.0,,
2026-07-07-kw8r,qwen35b,master_v2,ensemble_vote,live_query_tool,True,1,True,True,1.0,1.0,0.9955947136563876,0.7601986297064555,0.9977924944812362,7.951620000000001,1447.450252,1433200,157124,complete,False,5,1.0,0,0,0.0,,
2026-07-07-kw8r,qwen35b,messy_data_v2,structured_per_table,metadata_only,False,1,False,True,0.6,0.631264023934181,0.9929411764705882,0.6923326835607537,0.7718335619570188,0.19357000000000002,395.108882,21881,16833,complete,False,5,0.631578947368421,0,0,0.0,,
2026-07-07-kw8r,qwen35b,messy_data_v2,structured_per_table,metadata_only,True,1,True,True,1.0,1.0,0.9955323901712584,0.6591271105447595,0.9977611940298508,0.41739500000000007,492.475998,48816,34663,complete,False,5,1.0,0,0,0.0,,
2026-07-07-kw8r,mistral128b,messy_data_v2,structured_per_table,metadata_only,False,1,True,True,1.0,0.6409872849663426,0.6381236038719286,0.6876242924889093,0.6395522388059702,0.0,830.11233,25198,7326,complete,False,5,1.0,0,0,0.0,,
2026-07-07-kw8r,mistral128b,messy_data_v2,structured_per_table,metadata_only,True,1,True,True,1.0,0.6409872849663426,0.6381236038719286,0.6876242924889093,0.6395522388059702,0.0,75.738412,25198,7326,complete,False,5,1.0,0,0,0.0,,
2026-07-07-kw8r,qwen35b,messy_data_v2,structured_per_table,live_query_tool,False,1,False,True,0.6,0.4143605086013463,0.9892857142857143,0.7833503054989817,0.584080126515551,1.1770100000000001,966.644142,205986,29416,complete,False,5,0.5964912280701754,0,0,0.0,,
2026-07-07-kw8r,mistral128b,messy_data_v2,structured_per_table,live_query_tool,False,1,True,True,1.0,1.0,0.9955323901712584,0.7546989487097802,0.9977611940298508,0.0,1218.734869,103190,10173,complete,False,5,1.0,0,0,0.0,,
2026-07-07-kw8r,mistral128b,messy_data_v2,structured_per_table,live_query_tool,True,1,True,True,1.0,1.0,0.9955323901712584,0.7546989487097802,0.9977611940298508,0.0,161.446242,103190,10173,complete,False,5,1.0,0,0,0.0,,
2026-07-07-kw8r,qwen35b,messy_data_v2,structured_per_table,live_query_tool,True,1,False,True,0.8,0.7733732236350037,0.9942307692307693,0.7339894242068156,0.8700042069835927,3.4740850000000005,2485.166868,617979,76838,partial,False,5,0.7719298245614035,0,0,0.0,,
2026-07-07-kw8r,qwen35b,messy_data_v2,write_tools_freeform,metadata_only,False,1,False,True,0.8,0.7733732236350037,0.9942307692307693,0.674890350877193,0.8700042069835927,0.17098500000000003,224.867163,26065,8132,complete,False,5,0.8070175438596491,0,0,0.0,,
2026-07-07-kw8r,mistral128b,messy_data_v2,write_tools_freeform,metadata_only,False,1,True,True,1.0,1.0,0.9955323901712584,0.6722947860252735,0.9977611940298508,0.0,330.635351,28422,3588,complete,False,5,1.0,0,0,0.0,,
2026-07-07-kw8r,qwen35b,messy_data_v2,write_tools_freeform,metadata_only,True,1,True,False,0.0,,,,,0.358815,356.565027,63584,8179,complete,True,0,,0,0,0.0,,
2026-07-07-kw8r,mistral128b,messy_data_v2,write_tools_freeform,metadata_only,True,1,True,True,1.0,1.0,0.9955323901712584,0.6702771583306786,0.9977611940298508,0.0,223.263089,29380,3559,complete,False,5,1.0,0,0,0.0,,
2026-07-07-kw8r,qwen35b,messy_data_v2,write_tools_freeform,live_query_tool,False,1,False,False,0.0,,,,,0.15125000000000002,233.68763,28129,2121,gave_up,False,0,,0,0,0.0,,
2026-07-07-kw8r,mistral128b,messy_data_v2,write_tools_freeform,live_query_tool,False,1,True,True,1.0,1.0,0.9955323901712584,0.7200807051077838,0.9977611940298508,0.0,403.497637,103403,4921,complete,False,5,1.0,0,0,0.0,,
2026-07-07-kw8r,mistral128b,messy_data_v2,write_tools_freeform,live_query_tool,True,1,True,True,1.0,1.0,0.9955323901712584,0.7050015928639695,0.9977611940298508,0.0,343.822329,70401,4819,complete,False,5,1.0,0,0,0.0,,
2026-07-07-kw8r,qwen35b,messy_data_v2,write_tools_freeform,live_query_tool,True,1,False,True,0.8,0.7733732236350037,0.9942307692307693,0.7425986842105263,0.8700042069835927,4.158025000000003,1315.698088,800533,31072,partial,False,5,0.8070175438596491,0,0,0.0,,
2026-07-07-kw8r,qwen35b,messy_data_v2,plan_then_execute,metadata_only,False,1,False,True,0.6,0.631264023934181,0.9929411764705882,0.6185834957764782,0.7718335619570188,0.26879000000000003,2972.09865,21956,31802,complete,False,5,0.631578947368421,0,1,0.0,,
2026-07-07-kw8r,qwen35b,messy_data_v2,plan_then_execute,metadata_only,True,1,True,True,1.0,1.0,0.9955323901712584,0.6111288095996602,0.9977611940298508,0.41356,341.751451,39101,43611,complete,False,5,1.0,0,0,0.0,,
2026-07-07-kw8r,qwen35b,messy_data_v2,plan_then_execute,live_query_tool,False,1,False,True,0.8,0.7733732236350037,0.9942307692307693,0.7017543859649122,0.8700042069835927,0.5079250000000001,767.489462,67326,34259,complete,False,5,0.8070175438596491,0,0,0.0,,
2026-07-07-kw8r,qwen35b,messy_data_v2,plan_then_execute,live_query_tool,True,1,True,True,1.0,1.0,0.9955323901712584,0.7168949771689498,0.9977611940298508,0.5878950000000001,228.132631,78601,38978,complete,False,5,1.0,0,0,0.0,,
2026-07-07-kw8r,mistral128b,messy_data_v2,plan_then_execute,metadata_only,False,1,False,False,,,,,,,1801.467293,,,,False,0,,,,,,
2026-07-07-kw8r,mistral128b,messy_data_v2,plan_then_execute,metadata_only,True,1,True,True,1.0,1.0,0.9955323901712584,0.5851120314325157,0.9977611940298508,0.0,1277.483744,20790,8141,complete,False,5,1.0,0,0,0.0,,
2026-07-07-kw8r,mistral128b,messy_data_v2,plan_then_execute,live_query_tool,False,1,True,True,1.0,1.0,0.9955323901712584,0.7079749389402145,0.9977611940298508,0.0,1841.875854,78481,12369,complete,False,5,1.0,0,0,0.0,,
2026-07-07-kw8r,mistral128b,messy_data_v2,plan_then_execute,live_query_tool,True,1,True,True,1.0,1.0,0.9955323901712584,0.7079749389402145,0.9977611940298508,0.0,136.978502,78481,12369,complete,False,5,1.0,0,0,0.0,,
2026-07-07-kw8r,qwen35b,messy_data_v2,write_then_critique,metadata_only,False,1,False,True,0.8,0.7733732236350037,0.9942307692307693,0.6334978070175439,0.8700042069835927,0.8365700000000001,7352.298432,99307,68007,partial,False,5,0.8070175438596491,0,3,0.0,,
2026-07-07-kw8r,mistral128b,messy_data_v2,write_then_critique,metadata_only,False,1,False,True,0.8,0.9102468212415856,1.0,0.639438646995322,0.9530148786217697,0.0,832.362014,57073,13074,partial,False,5,0.7719298245614035,0,0,0.0,,
2026-07-07-kw8r,mistral128b,messy_data_v2,write_then_critique,metadata_only,True,1,True,True,1.0,1.0,0.9955323901712584,0.6702771583306786,0.9977611940298508,0.0,234.751041,64149,15806,partial,False,5,1.0,0,0,0.0,,
2026-07-07-kw8r,mistral128b,messy_data_v2,write_then_critique,live_query_tool,False,1,True,True,1.0,1.0,0.9955323901712584,0.7336731443134756,0.9977611940298508,0.0,3500.692049,168126,20919,partial,False,5,1.0,0,0,0.0,,
2026-07-07-kw8r,mistral128b,messy_data_v2,write_then_critique,live_query_tool,True,1,True,True,1.0,1.0,0.9955323901712584,0.7511946479770628,0.9977611940298508,0.0,860.860853,179795,17891,partial,False,5,1.0,0,0,0.0,,
2026-07-07-kw8r,qwen35b,messy_data_v2,write_then_critique,metadata_only,True,1,True,True,1.0,0.7733732236350037,0.9942307692307693,0.6805098684210527,0.8700042069835927,0.716845,6518.836007,88616,54753,partial,False,5,0.8947368421052632,0,2,0.0,,
2026-07-07-kw8r,qwen35b,messy_data_v2,write_then_critique,live_query_tool,False,1,False,False,,,,,,,8338.906417,,,,False,0,,,,,,
2026-07-07-kw8r,qwen35b,messy_data_v2,write_then_critique,live_query_tool,True,1,False,True,0.8,0.7733732236350037,0.9942307692307693,0.746984649122807,0.8700042069835927,8.50744,8625.554697,1564668,136820,partial,False,5,0.8070175438596491,0,1,0.0,,
2026-07-07-kw8r,qwen35b,messy_data_v2,ensemble_vote,metadata_only,False,1,False,True,0.8,0.7733732236350037,0.9942307692307693,0.6191063596491229,0.8700042069835927,0.74446,1080.468937,85575,63317,complete,False,5,0.8070175438596491,0,0,0.0,,
2026-07-07-kw8r,qwen35b,messy_data_v2,ensemble_vote,metadata_only,True,1,True,True,1.0,1.0,0.9955323901712584,0.6288626951258363,0.9977611940298508,0.96471,730.696244,109977,82965,complete,False,5,1.0,0,0,0.0,,
2026-07-07-kw8r,mistral128b,messy_data_v2,ensemble_vote,metadata_only,False,1,True,True,1.0,0.6409872849663426,0.6381236038719286,0.6720208046504513,0.6395522388059702,0.0,990.704932,103190,21857,complete,False,5,1.0,0,0,0.0,,
2026-07-07-kw8r,mistral128b,messy_data_v2,ensemble_vote,metadata_only,True,1,True,True,1.0,0.6409872849663426,0.6381236038719286,0.6720208046504513,0.6395522388059702,0.0,206.346771,103190,21857,complete,False,5,1.0,0,0,0.0,,
2026-07-07-kw8r,mistral128b,messy_data_v2,ensemble_vote,live_query_tool,False,1,False,True,0.8,0.7733732236350037,0.9942307692307693,0.7310855263157895,0.8700042069835927,0.0,1259.700716,322936,33254,complete,False,5,0.8070175438596491,0,0,0.0,,
2026-07-07-kw8r,qwen35b,messy_data_v2,ensemble_vote,live_query_tool,False,1,False,True,0.6,0.4143605086013463,0.9892857142857143,0.8050271739130435,0.584080126515551,4.87622,1872.420009,881291,93953,complete,False,5,0.631578947368421,0,0,0.0,,
2026-07-07-kw8r,mistral128b,messy_data_v2,ensemble_vote,live_query_tool,True,1,True,True,1.0,1.0,0.9955323901712584,0.7433365190612722,0.9977611940298508,0.0,1015.182347,346074,37701,complete,False,5,1.0,0,0,0.0,,
2026-07-07-kw8r,qwen35b,messy_data_v2,ensemble_vote,live_query_tool,True,1,True,True,1.0,1.0,0.9955323901712584,0.7618137411065095,0.9977611940298508,6.104509999999999,1523.883111,1109005,111897,complete,False,5,1.0,0,0,0.0,,
2026-07-07-kw8r,qwen35b,missing_relations_v2,structured_per_table,metadata_only,False,1,True,True,1.0,1.0,1.0,0.5800546009314277,1.0,0.25510499999999997,613.222252,30108,20913,complete,False,5,1.0,0,0,0.0,,
2026-07-07-kw8r,qwen35b,missing_relations_v2,structured_per_table,metadata_only,True,1,True,True,1.0,1.0,1.0,0.5800546009314277,1.0,0.25510499999999997,75.251918,30108,20913,complete,False,5,1.0,0,0,0.0,,
2026-07-07-kw8r,mistral128b,missing_relations_v2,structured_per_table,metadata_only,False,1,True,True,1.0,0.7502824858757062,0.8924731182795699,0.6038461538461538,0.8152240638428483,0.0,536.715609,19451,7130,complete,False,5,1.0,0,0,0.0,,
2026-07-07-kw8r,mistral128b,missing_relations_v2,structured_per_table,metadata_only,True,1,True,True,1.0,0.7502824858757062,0.8924731182795699,0.6038461538461538,0.8152240638428483,0.0,64.946192,19451,7130,complete,False,5,1.0,0,0,0.0,,
2026-07-07-kw8r,qwen35b,missing_relations_v2,structured_per_table,live_query_tool,False,1,True,True,1.0,1.0,1.0,0.5794122370322787,1.0,1.8998749999999998,867.839461,357242,22733,complete,False,5,1.0,0,0,0.0,,
2026-07-07-kw8r,qwen35b,missing_relations_v2,structured_per_table,live_query_tool,True,1,True,True,1.0,1.0,1.0,0.5794122370322787,1.0,1.8998749999999998,238.169071,357242,22733,complete,False,5,1.0,0,0,0.0,,
2026-07-07-kw8r,qwen35b,missing_relations_v2,write_tools_freeform,metadata_only,False,1,True,True,1.0,1.0,1.0,0.6036614742251486,1.0,0.20825500000000002,273.36289,30261,11390,complete,False,5,1.0,0,0,0.0,,
2026-07-07-kw8r,qwen35b,missing_relations_v2,write_tools_freeform,metadata_only,True,1,True,False,0.0,,,,,0.19640000000000005,340.136958,31951,7329,complete,True,0,,0,0,0.0,,
2026-07-07-kw8r,mistral128b,missing_relations_v2,structured_per_table,live_query_tool,False,1,True,True,1.0,0.5480225988700564,0.5486425339366516,0.5528296626707555,0.5483323911814585,0.0,1277.772917,145289,11244,complete,False,5,1.0,0,0,0.0,,
2026-07-07-kw8r,mistral128b,missing_relations_v2,structured_per_table,live_query_tool,True,1,True,True,1.0,0.5480225988700564,0.5486425339366516,0.5528296626707555,0.5483323911814585,0.0,166.703238,145289,11244,complete,False,5,1.0,0,0,0.0,,
2026-07-07-kw8r,qwen35b,missing_relations_v2,write_tools_freeform,live_query_tool,False,1,False,False,0.0,,,,,0.744675,284.650552,143253,5682,gave_up,False,0,,0,0,0.0,,
2026-07-07-kw8r,mistral128b,missing_relations_v2,write_tools_freeform,metadata_only,False,1,False,True,0.8,0.7502824858757062,1.0,0.6038461538461538,0.8573273079406069,0.0,382.459895,25740,2927,complete,False,5,0.8070175438596491,0,0,0.0,,
2026-07-07-kw8r,qwen35b,missing_relations_v2,write_tools_freeform,live_query_tool,True,1,True,False,0.0,,,,,0.80731,430.046353,149749,11713,complete,True,0,,0,0,0.0,,
2026-07-07-kw8r,mistral128b,missing_relations_v2,write_tools_freeform,metadata_only,True,1,True,True,1.0,1.0,1.0,0.6035464454205304,1.0,0.0,403.001779,29521,3440,complete,False,5,0.9824561403508771,0,0,0.0,,
2026-07-07-kw8r,mistral128b,missing_relations_v2,write_tools_freeform,live_query_tool,False,1,True,True,1.0,0.7502824858757062,0.8924731182795699,0.604059829059829,0.8152240638428483,0.0,1227.190788,277312,6333,complete,False,5,1.0,0,0,0.0,,
2026-07-07-kw8r,mistral128b,missing_relations_v2,write_tools_freeform,live_query_tool,True,1,True,True,1.0,0.9096045197740112,0.9096045197740112,0.6103141456328309,0.9096045197740112,0.0,1136.593241,342125,10778,complete,False,5,1.0,0,0,0.0,,
2026-07-07-kw8r,qwen35b,missing_relations_v2,plan_then_execute,metadata_only,False,1,True,True,1.0,1.0,1.0,0.48337883410952304,1.0,0.253385,1371.165213,20967,29710,complete,False,5,1.0,0,0,0.0,,
2026-07-07-kw8r,qwen35b,missing_relations_v2,plan_then_execute,metadata_only,True,1,True,True,1.0,1.0,1.0,0.48337883410952304,1.0,0.253385,59.784873,20967,29710,complete,False,5,1.0,0,0,0.0,,
2026-07-07-kw8r,qwen35b,missing_relations_v2,plan_then_execute,live_query_tool,False,1,True,True,1.0,1.0,1.0,0.6123333868636582,1.0,0.495345,1302.320749,63907,35162,complete,False,5,1.0,0,0,0.0,,
2026-07-07-kw8r,qwen35b,missing_relations_v2,plan_then_execute,live_query_tool,True,1,True,True,1.0,1.0,1.0,0.6123333868636582,1.0,0.495345,101.171106,63907,35162,complete,False,5,1.0,0,0,0.0,,
2026-07-07-kw8r,mistral128b,missing_relations_v2,plan_then_execute,metadata_only,False,1,False,False,,,,,,,1801.363155,,,,False,0,,,,,,
2026-07-07-kw8r,mistral128b,missing_relations_v2,plan_then_execute,metadata_only,True,1,False,False,,,,,,,1801.450019,,,,False,0,,,,,,
2026-07-07-kw8r,mistral128b,missing_relations_v2,plan_then_execute,live_query_tool,False,1,False,False,,,,,,,1890.177613,,,,False,0,,,,,,
2026-07-07-kw8r,mistral128b,missing_relations_v2,plan_then_execute,live_query_tool,True,1,False,False,,,,,,,1816.358619,,,,False,0,,,,,,
2026-07-07-kw8r,qwen35b,missing_relations_v2,write_then_critique,metadata_only,False,1,False,True,0.8,0.7502824858757062,1.0,0.5741452991452991,0.8573273079406069,0.6753450000000001,13075.859073,73839,61230,complete,False,5,0.8070175438596491,0,8,0.0,,
2026-07-07-kw8r,mistral128b,missing_relations_v2,write_then_critique,metadata_only,False,1,False,True,0.8,0.6598870056497175,0.8795180722891566,0.6128787878787879,0.7540348612007748,0.0,1779.319294,79765,19580,partial,False,5,0.7719298245614035,0,0,0.0,,
2026-07-07-kw8r,mistral128b,missing_relations_v2,write_then_critique,metadata_only,True,1,True,True,1.0,0.7502824858757062,0.8924731182795699,0.604059829059829,0.8152240638428483,0.0,294.621365,82985,20430,partial,False,5,1.0,0,0,0.0,,
2026-07-07-kw8r,mistral128b,missing_relations_v2,write_then_critique,live_query_tool,False,1,True,True,1.0,1.0,1.0,0.5959531074353621,1.0,0.0,4893.634353,357286,31763,partial,False,5,1.0,0,0,0.0,,
2026-07-07-kw8r,mistral128b,missing_relations_v2,write_then_critique,live_query_tool,True,1,True,True,1.0,1.0,1.0,0.5959531074353621,1.0,0.0,390.665359,357286,31763,partial,False,5,1.0,0,0,0.0,,
2026-07-07-kw8r,qwen35b,missing_relations_v2,write_then_critique,metadata_only,True,1,False,False,,,,,,,7511.309679,,,,False,0,,,,,,
2026-07-07-kw8r,qwen35b,missing_relations_v2,write_then_critique,live_query_tool,False,1,True,True,1.0,1.0,1.0,0.5866388308977035,1.0,4.3838799999999996,7188.82847,794957,81819,partial,False,5,1.0,0,2,0.0,,
2026-07-07-kw8r,qwen35b,missing_relations_v2,write_then_critique,live_query_tool,True,1,True,True,1.0,1.0,1.0,0.6068732937208929,1.0,4.728205000000001,6170.675219,838049,107592,partial,False,5,1.0,0,1,0.0,,
2026-07-07-kw8r,qwen35b,missing_relations_v2,ensemble_vote,metadata_only,False,1,False,True,0.8,0.7502824858757062,1.0,0.5628205128205128,0.8573273079406069,0.5521500000000001,537.096509,70325,40105,complete,False,5,0.8070175438596491,0,0,0.0,,
2026-07-07-kw8r,qwen35b,missing_relations_v2,ensemble_vote,metadata_only,True,1,True,True,1.0,1.0,1.0,0.5741127348643006,1.0,0.5949400000000001,258.571403,74032,44956,complete,False,5,1.0,0,0,0.0,,
2026-07-07-kw8r,mistral128b,missing_relations_v2,ensemble_vote,metadata_only,False,1,True,True,1.0,1.0,1.0,0.6049462020234463,1.0,0.0,621.759548,81607,25755,complete,False,5,1.0,0,0,0.0,,
2026-07-07-kw8r,mistral128b,missing_relations_v2,ensemble_vote,metadata_only,True,1,True,True,1.0,1.0,1.0,0.6049462020234463,1.0,0.0,308.15838,81607,25755,complete,False,5,1.0,0,0,0.0,,
2026-07-07-kw8r,qwen35b,missing_relations_v2,ensemble_vote,live_query_tool,False,1,False,True,0.8,0.6384180790960452,1.0,0.5356396563733458,0.7793103448275862,5.62913,1840.15301,1049796,76030,complete,False,5,0.8245614035087719,0,0,0.0,,
2026-07-07-kw8r,mistral128b,missing_relations_v2,ensemble_vote,live_query_tool,False,1,True,True,1.0,0.9096045197740112,0.9096045197740112,0.5828944979117486,0.9096045197740112,0.0,1695.569833,340683,27354,complete,False,5,1.0,0,0,0.0,,
2026-07-07-kw8r,mistral128b,missing_relations_v2,ensemble_vote,live_query_tool,True,1,True,True,1.0,0.9096045197740112,0.9096045197740112,0.5828944979117486,0.9096045197740112,0.0,787.923073,340683,27354,complete,False,5,1.0,0,0,0.0,,
2026-07-07-kw8r,qwen35b,missing_relations_v2,ensemble_vote,live_query_tool,True,1,True,True,1.0,1.0,1.0,0.5760398265617472,1.0,5.68845,1375.393294,1057364,80326,complete,False,5,1.0,0,0,0.0,,
2026-07-07-kw8r,qwen35b,wrong_field_names_v2,structured_per_table,metadata_only,False,1,False,True,0.6,0.541704857928506,1.0,0.7335766423357665,0.7027348394768134,0.21571500000000005,708.314183,22741,20402,complete,False,5,0.5964912280701754,0,0,0.0,,
2026-07-07-kw8r,qwen35b,wrong_field_names_v2,structured_per_table,metadata_only,True,1,True,True,1.0,1.0,1.0,0.7119989588755856,1.0,0.26802500000000007,155.185838,30303,23302,complete,False,5,1.0,0,0,0.0,,
2026-07-07-kw8r,mistral128b,wrong_field_names_v2,structured_per_table,metadata_only,False,1,True,True,1.0,1.0,1.0,0.7652264445601249,1.0,0.0,307.047766,16844,10087,complete,False,5,1.0,0,0,0.0,,
2026-07-07-kw8r,mistral128b,wrong_field_names_v2,structured_per_table,metadata_only,True,1,True,True,1.0,1.0,1.0,0.7652264445601249,1.0,0.0,61.33717,16844,10087,complete,False,5,1.0,0,0,0.0,,
2026-07-07-kw8r,mistral128b,wrong_field_names_v2,structured_per_table,live_query_tool,False,1,True,True,1.0,1.0,1.0,0.7921655387818844,1.0,0.0,681.708729,95127,8618,complete,False,5,1.0,0,0,0.0,,
2026-07-07-kw8r,mistral128b,wrong_field_names_v2,structured_per_table,live_query_tool,True,1,True,True,1.0,1.0,1.0,0.7921655387818844,1.0,0.0,142.57882,95127,8618,complete,False,5,1.0,0,0,0.0,,
2026-07-07-kw8r,qwen35b,wrong_field_names_v2,structured_per_table,live_query_tool,False,1,True,True,1.0,1.0,1.0,0.7683498178032275,1.0,1.9451999999999998,1082.79447,353147,35893,complete,False,5,1.0,0,0,0.0,,
2026-07-07-kw8r,qwen35b,wrong_field_names_v2,structured_per_table,live_query_tool,True,1,True,True,1.0,1.0,1.0,0.7683498178032275,1.0,1.9451999999999998,229.146341,353147,35893,complete,False,5,1.0,0,0,0.0,,
2026-07-07-kw8r,qwen35b,wrong_field_names_v2,write_tools_freeform,metadata_only,False,1,False,False,0.0,,,,,0.09230500000000001,102.184544,15636,2825,gave_up,False,0,,0,0,0.0,,
2026-07-07-kw8r,qwen35b,wrong_field_names_v2,write_tools_freeform,metadata_only,True,1,True,False,0.0,,,,,0.22627500000000003,235.08628,36825,8430,complete,True,0,,0,0,0.0,,
2026-07-07-kw8r,mistral128b,wrong_field_names_v2,write_tools_freeform,metadata_only,False,1,True,True,1.0,1.0,1.0,0.7924258198854763,1.0,0.0,240.202151,48312,4393,complete,False,5,1.0,0,0,0.0,,
2026-07-07-kw8r,qwen35b,wrong_field_names_v2,write_tools_freeform,live_query_tool,False,1,False,False,0.0,,,,,0.375915,154.634702,73646,1537,gave_up,False,0,,0,0,0.0,,
2026-07-07-kw8r,qwen35b,wrong_field_names_v2,write_tools_freeform,live_query_tool,True,1,True,True,1.0,1.0,1.0,0.7986725663716814,1.0,0.7129500000000001,338.83464,135338,7252,complete,False,5,1.0,0,0,0.0,,
2026-07-07-kw8r,mistral128b,wrong_field_names_v2,write_tools_freeform,metadata_only,True,1,True,True,1.0,1.0,1.0,0.7926861009890682,1.0,0.0,663.243284,174084,11145,complete,False,5,1.0,0,0,0.0,,
2026-07-07-kw8r,mistral128b,wrong_field_names_v2,write_tools_freeform,live_query_tool,False,1,True,True,1.0,1.0,1.0,0.7988027069234773,1.0,0.0,276.358283,71436,5190,complete,False,5,1.0,0,0,0.0,,
2026-07-07-kw8r,mistral128b,wrong_field_names_v2,write_tools_freeform,live_query_tool,True,1,True,True,1.0,1.0,1.0,0.7988027069234773,1.0,0.0,261.054871,88191,4477,complete,False,5,1.0,0,0,0.0,,
2026-07-07-kw8r,qwen35b,wrong_field_names_v2,plan_then_execute,metadata_only,False,1,False,True,0.6,0.41796516956920254,1.0,0.8029678483099753,0.5895281189398835,0.239285,729.804657,25862,21995,complete,False,5,0.631578947368421,0,0,0.0,,
2026-07-07-kw8r,qwen35b,wrong_field_names_v2,plan_then_execute,metadata_only,True,1,True,True,1.0,1.0,1.0,0.741410723581468,1.0,0.33132,294.476946,33423,32841,complete,False,5,1.0,0,0,0.0,,
2026-07-07-kw8r,qwen35b,wrong_field_names_v2,plan_then_execute,live_query_tool,False,1,True,True,1.0,1.0,1.0,0.6933888599687663,1.0,0.704685,709.853627,114430,26507,complete,False,5,1.0,0,0,0.0,,
2026-07-07-kw8r,qwen35b,wrong_field_names_v2,plan_then_execute,live_query_tool,True,1,True,True,1.0,1.0,1.0,0.6933888599687663,1.0,0.704685,143.239899,114430,26507,complete,False,5,1.0,0,0,0.0,,
2026-07-07-kw8r,mistral128b,wrong_field_names_v2,plan_then_execute,metadata_only,False,1,False,False,,,,,,,1801.55814,,,,False,0,,,,,,
2026-07-07-kw8r,mistral128b,wrong_field_names_v2,plan_then_execute,metadata_only,True,1,False,False,,,,,,,1801.492134,,,,False,0,,,,,,
2026-07-07-kw8r,mistral128b,wrong_field_names_v2,plan_then_execute,live_query_tool,False,1,False,False,,,,,,,1947.253374,,,,False,0,,,,,,
2026-07-07-kw8r,qwen35b,wrong_field_names_v2,write_then_critique,metadata_only,False,1,True,True,1.0,1.0,1.0,0.7799323269130661,1.0,0.679575,5656.585497,79329,56586,partial,False,5,1.0,0,2,0.0,,
2026-07-07-kw8r,qwen35b,wrong_field_names_v2,write_then_critique,metadata_only,True,1,True,True,1.0,1.0,1.0,0.7799323269130661,1.0,0.679575,127.233568,79329,56586,partial,False,5,1.0,0,0,0.0,,
2026-07-07-kw8r,mistral128b,wrong_field_names_v2,plan_then_execute,live_query_tool,True,1,True,True,1.0,1.0,1.0,0.7926861009890682,1.0,0.0,2071.025636,62737,13908,complete,False,5,1.0,0,0,0.0,,
2026-07-07-kw8r,mistral128b,wrong_field_names_v2,write_then_critique,metadata_only,False,1,True,True,1.0,1.0,1.0,0.7723841749089017,1.0,0.0,1261.560021,32987,18498,partial,False,5,1.0,0,0,0.0,,
2026-07-07-kw8r,mistral128b,wrong_field_names_v2,write_then_critique,metadata_only,True,1,True,True,1.0,1.0,1.0,0.7723841749089017,1.0,0.0,91.094823,32987,18498,partial,False,5,1.0,0,0,0.0,,
2026-07-07-kw8r,mistral128b,wrong_field_names_v2,write_then_critique,live_query_tool,False,1,True,True,1.0,1.0,1.0,0.7928162415408642,1.0,0.0,2873.518083,230850,37446,partial,False,5,1.0,0,0,0.0,,
2026-07-07-kw8r,mistral128b,wrong_field_names_v2,write_then_critique,live_query_tool,True,1,True,True,1.0,1.0,1.0,0.7928162415408642,1.0,0.0,293.708206,230850,37446,partial,False,5,1.0,0,0,0.0,,
2026-07-07-kw8r,qwen35b,wrong_field_names_v2,write_then_critique,live_query_tool,False,1,True,True,1.0,1.0,1.0,0.7986725663716814,1.0,2.254635000000001,7001.199784,382032,68895,complete,False,5,1.0,0,2,0.0,,
2026-07-07-kw8r,qwen35b,wrong_field_names_v2,write_then_critique,live_query_tool,True,1,True,True,1.0,1.0,1.0,0.7890421655387819,1.0,4.054900000000001,3803.612237,728767,82213,partial,False,5,1.0,0,0,0.0,,
2026-07-07-kw8r,qwen35b,wrong_field_names_v2,ensemble_vote,metadata_only,False,1,False,True,0.8,0.7846012832263978,1.0,0.739292997960571,0.879301489470981,0.7760300000000002,827.588742,88422,66784,complete,False,5,0.7894736842105263,0,0,0.0,,
2026-07-07-kw8r,qwen35b,wrong_field_names_v2,ensemble_vote,metadata_only,True,1,True,True,1.0,1.0,1.0,0.7099216363394873,1.0,0.8093450000000002,241.515919,92495,69374,complete,False,5,0.9824561403508771,0,0,0.0,,
2026-07-07-kw8r,mistral128b,wrong_field_names_v2,ensemble_vote,metadata_only,False,1,False,True,0.8,0.6333638863428047,1.0,0.7617335352006056,0.7755331088664422,0.0,1193.094179,85082,31236,complete,False,5,0.8245614035087719,0,0,0.0,,
2026-07-07-kw8r,mistral128b,wrong_field_names_v2,ensemble_vote,metadata_only,True,1,True,True,1.0,1.0,1.0,0.6799843831337845,1.0,0.0,278.456162,88426,33181,complete,False,5,1.0,0,0,0.0,,
2026-07-07-kw8r,qwen35b,wrong_field_names_v2,ensemble_vote,live_query_tool,False,1,False,True,0.8,0.7846012832263978,1.0,0.7827454876635205,0.879301489470981,4.09154,1697.368342,729679,88629,complete,False,5,0.8070175438596491,0,0,0.0,,
2026-07-07-kw8r,qwen35b,wrong_field_names_v2,ensemble_vote,live_query_tool,True,1,True,True,1.0,1.0,1.0,0.7986725663716814,1.0,4.295369999999999,826.074013,765323,93751,complete,False,5,1.0,0,0,0.0,,
2026-07-07-kw8r,qwen35b,master_v2,structured_per_table,metadata_only,False,2,False,True,0.2,0.08849557522123894,0.9523809523809523,0.8194444444444444,0.16194331983805668,0.21224,898.811669,18336,24112,complete,False,5,0.22807017543859648,0,0,0.0,,
2026-07-07-kw8r,mistral128b,wrong_field_names_v2,ensemble_vote,live_query_tool,False,1,True,True,1.0,1.0,1.0,0.7988027069234773,1.0,0.0,2868.785146,261139,27724,complete,False,5,1.0,0,0,0.0,,
2026-07-07-kw8r,mistral128b,wrong_field_names_v2,ensemble_vote,live_query_tool,True,1,True,True,1.0,1.0,1.0,0.7988027069234773,1.0,0.0,355.42688,261139,27724,complete,False,5,1.0,0,0,0.0,,
2026-07-07-kw8r,qwen35b,master_v2,structured_per_table,metadata_only,True,2,False,True,0.8,0.6460176991150443,0.9931972789115646,0.6720676928616437,0.7828418230563002,0.60836,1890.735022,60889,60783,partial,False,5,0.8245614035087719,0,0,0.0,,
2026-07-07-kw8r,mistral128b,master_v2,structured_per_table,metadata_only,False,2,False,True,0.8,0.911504424778761,1.0,0.6033737330781771,0.9537037037037037,0.0,939.554031,25785,9472,complete,False,5,0.7719298245614035,0,0,0.0,,
2026-07-07-kw8r,mistral128b,master_v2,structured_per_table,metadata_only,True,2,True,True,1.0,1.0,0.9955947136563876,0.6230435602489157,0.9977924944812362,0.0,164.803777,29367,11741,complete,False,5,1.0,0,0,0.0,,
2026-07-07-kw8r,qwen35b,master_v2,structured_per_table,live_query_tool,False,2,False,True,0.4,0.5323008849557522,1.0,0.6708199833867331,0.6947733179324286,1.4531299999999998,1105.328875,261730,28896,complete,False,5,0.40350877192982454,0,0,0.0,,
2026-07-07-kw8r,mistral128b,master_v2,structured_per_table,live_query_tool,False,2,True,True,1.0,1.0,0.9955947136563876,0.7315356087749073,0.9977924944812362,0.0,1251.73861,93800,12556,complete,False,5,1.0,0,0,0.0,,
2026-07-07-kw8r,mistral128b,master_v2,structured_per_table,live_query_tool,True,2,True,True,1.0,1.0,0.9955947136563876,0.7315356087749073,0.9977924944812362,0.0,137.425108,93800,12556,complete,False,5,1.0,0,0,0.0,,
2026-07-07-kw8r,qwen35b,master_v2,structured_per_table,live_query_tool,True,2,False,True,0.8,0.7610619469026548,0.9942196531791907,0.6919779041965537,0.8621553884711778,3.5424099999999994,1563.151397,648247,60235,partial,False,5,0.8070175438596491,0,0,0.0,,
2026-07-07-kw8r,qwen35b,master_v2,write_tools_freeform,metadata_only,False,2,False,False,0.0,,,,,0.11804500000000001,377.232151,21060,2549,gave_up,False,0,,0,0,0.0,,
2026-07-07-kw8r,qwen35b,master_v2,write_tools_freeform,metadata_only,True,2,True,True,0.2,1.0,0.9523809523809523,0.7711111111111111,0.975609756097561,0.10195000000000001,132.227456,17121,3269,complete,False,1,1.0,0,0,0.0,,
2026-07-07-kw8r,mistral128b,master_v2,write_tools_freeform,metadata_only,False,2,True,True,1.0,1.0,0.9955947136563876,0.6370607832044755,0.9977924944812362,0.0,501.244342,28065,3384,complete,False,5,1.0,0,0,0.0,,
2026-07-07-kw8r,qwen35b,master_v2,write_tools_freeform,live_query_tool,False,2,False,False,0.0,,,,,0.9763850000000001,392.534894,185721,9556,gave_up,False,0,,0,0,0.0,,
2026-07-07-kw8r,qwen35b,master_v2,write_tools_freeform,live_query_tool,True,2,False,False,0.0,,,,,0.112345,108.591483,19766,2703,gave_up,False,0,,0,0,0.0,,
2026-07-07-kw8r,mistral128b,master_v2,write_tools_freeform,metadata_only,True,2,True,True,1.0,1.0,0.9955947136563876,0.6740209944056823,0.9977924944812362,0.0,783.33582,69390,5459,complete,False,5,1.0,0,0,0.0,,
2026-07-07-kw8r,mistral128b,master_v2,write_tools_freeform,live_query_tool,False,2,True,True,1.0,1.0,0.9955947136563876,0.7579357596329122,0.9977924944812362,0.0,1066.984162,170920,7067,complete,False,5,1.0,0,0,0.0,,
2026-07-07-kw8r,mistral128b,master_v2,write_tools_freeform,live_query_tool,True,2,True,True,1.0,1.0,0.9955947136563876,0.7377585014771513,0.9977924944812362,0.0,715.227135,170294,8832,complete,False,5,1.0,0,0,0.0,,
2026-07-07-kw8r,qwen35b,master_v2,plan_then_execute,metadata_only,False,2,False,True,0.8,0.7610619469026548,0.9942196531791907,0.6636985736664194,0.8621553884711778,0.24057500000000004,1150.934873,24020,24095,complete,False,5,0.8070175438596491,0,0,0.0,,
2026-07-07-kw8r,qwen35b,master_v2,plan_then_execute,metadata_only,True,2,True,True,1.0,1.0,0.9955947136563876,0.6498837136212207,0.9977924944812362,0.38344500000000004,487.462054,41530,35159,complete,False,5,1.0,0,0,0.0,,
2026-07-07-kw8r,qwen35b,master_v2,plan_then_execute,live_query_tool,False,2,False,False,,,,,,,181.736973,,,,False,0,,,,,,
2026-07-07-kw8r,qwen35b,master_v2,plan_then_execute,live_query_tool,True,2,False,False,,,,,,,10.272502,,,,False,0,,,,,,
2026-07-07-kw8r,mistral128b,master_v2,plan_then_execute,metadata_only,False,2,False,False,,,,,,,1801.542526,,,,False,0,,,,,,
2026-07-07-kw8r,mistral128b,master_v2,plan_then_execute,metadata_only,True,2,True,True,1.0,1.0,0.9955947136563876,0.6213464076937583,0.9977924944812362,0.0,1594.901957,22642,10132,complete,False,5,1.0,0,0,0.0,,
2026-07-07-kw8r,mistral128b,master_v2,plan_then_execute,live_query_tool,False,2,False,False,,,,,,,1871.911434,,,,False,0,,,,,,
2026-07-07-kw8r,mistral128b,master_v2,plan_then_execute,live_query_tool,True,2,False,False,,,,,,,1806.528534,,,,False,0,,,,,,
2026-07-07-kw8r,qwen35b,master_v2,write_then_critique,metadata_only,False,2,False,False,,,,,,,8676.226482,,,,False,0,,,,,,
2026-07-07-kw8r,mistral128b,master_v2,write_then_critique,metadata_only,False,2,False,False,,,,,,,1801.521026,,,,False,0,,,,,,
2026-07-07-kw8r,mistral128b,master_v2,write_then_critique,metadata_only,True,2,False,False,,,,,,,1801.45671,,,,False,0,,,,,,
2026-07-07-kw8r,mistral128b,master_v2,write_then_critique,live_query_tool,False,2,False,False,,,,,,,1801.500633,,,,False,0,,,,,,
2026-07-07-kw8r,mistral128b,master_v2,write_then_critique,live_query_tool,True,2,False,False,,,,,,,3063.116263,,,,False,0,,,,,,
2026-07-07-kw8r,qwen35b,master_v2,write_then_critique,metadata_only,True,2,False,False,,,,,,,14312.217676,,,,False,0,,,,,,
2026-07-07-kw8r,qwen35b,master_v2,write_then_critique,live_query_tool,False,2,False,True,0.8,0.7610619469026548,0.9942196531791907,0.7289966196718608,0.8621553884711778,5.735250000000001,8223.924308,1042575,104475,partial,False,5,0.8070175438596491,0,2,0.0,,
2026-07-07-kw8r,qwen35b,master_v2,write_then_critique,live_query_tool,True,2,False,False,,,,,,,9642.632534,,,,False,0,,,,,,
2026-07-07-kw8r,qwen35b,master_v2,ensemble_vote,metadata_only,False,2,False,True,0.6,0.22876106194690266,0.3896006028636021,0.5734737979470557,0.2882631725676052,0.8604800000000002,1150.284177,103666,68430,complete,False,5,0.5789473684210527,0,0,0.0,,
2026-07-07-kw8r,qwen35b,master_v2,ensemble_vote,metadata_only,True,2,False,True,0.8,0.40707964601769914,0.5317919075144508,0.6725337699549734,0.46115288220551376,1.04448,561.618824,125089,83807,partial,False,5,0.8070175438596491,0,0,0.0,,
2026-07-07-kw8r,qwen35b,master_v2,ensemble_vote,live_query_tool,False,2,False,False,,,,,,,262.174348,,,,False,0,,,,,,
2026-07-07-kw8r,qwen35b,master_v2,ensemble_vote,live_query_tool,True,2,False,False,,,,,,,86.831478,,,,False,0,,,,,,
2026-07-07-kw8r,mistral128b,master_v2,ensemble_vote,metadata_only,False,2,True,True,1.0,1.0,0.9955947136563876,0.6364950656860896,0.9977924944812362,0.0,1995.22864,87089,30177,complete,False,5,1.0,0,0,0.0,,
2026-07-07-kw8r,mistral128b,master_v2,ensemble_vote,metadata_only,True,2,True,True,1.0,1.0,0.9955947136563876,0.6364950656860896,0.9977924944812362,0.0,177.426617,87089,30177,complete,False,5,1.0,0,0,0.0,,
2026-07-07-kw8r,qwen35b,messy_data_v2,structured_per_table,metadata_only,False,2,False,True,0.6,0.5908750934928946,0.992462311557789,0.6686274509803921,0.7407407407407408,0.20139500000000005,447.928828,28926,11353,complete,False,5,0.5789473684210527,0,0,0.0,,
2026-07-07-kw8r,qwen35b,messy_data_v2,structured_per_table,metadata_only,True,2,True,True,1.0,1.0,0.9955323901712584,0.6858872252309652,0.9977611940298508,0.4287850000000001,1090.051162,51858,33899,complete,False,5,1.0,0,0,0.0,,
2026-07-07-kw8r,mistral128b,master_v2,ensemble_vote,live_query_tool,False,2,True,True,1.0,1.0,0.9955947136563876,0.7445471116977811,0.9977924944812362,0.0,1976.868594,341363,40043,complete,False,5,1.0,0,0,0.0,,
2026-07-07-kw8r,qwen35b,messy_data_v2,structured_per_table,live_query_tool,False,2,False,True,0.8,0.7733732236350037,0.9942307692307693,0.7371162280701754,0.8700042069835927,1.00515,709.296833,179477,21553,complete,False,5,0.8070175438596491,0,0,0.0,,
2026-07-07-kw8r,mistral128b,master_v2,ensemble_vote,live_query_tool,True,2,True,True,1.0,1.0,0.9955947136563876,0.7445471116977811,0.9977924944812362,0.0,580.705171,341363,40043,complete,False,5,1.0,0,0,0.0,,
2026-07-07-kw8r,mistral128b,messy_data_v2,structured_per_table,metadata_only,False,2,False,True,0.8,0.4143605086013463,0.5326923076923077,0.7237318840579711,0.4661337820782499,0.0,678.783422,29647,7464,complete,False,5,0.8070175438596491,0,0,0.0,,
2026-07-07-kw8r,qwen35b,messy_data_v2,structured_per_table,live_query_tool,True,2,True,True,1.0,0.7733732236350037,0.9942307692307693,0.7371162280701754,0.8700042069835927,2.0236699999999996,1314.812175,363000,41734,complete,False,5,0.8947368421052632,0,0,0.0,,
2026-07-07-kw8r,mistral128b,messy_data_v2,structured_per_table,metadata_only,True,2,True,True,1.0,0.6409872849663426,0.6381236038719286,0.6842588343276732,0.6395522388059702,0.0,277.404518,37390,10116,complete,False,5,1.0,0,0,0.0,,
2026-07-07-kw8r,qwen35b,messy_data_v2,write_tools_freeform,metadata_only,False,2,False,True,0.8,0.6836200448765893,0.8839458413926499,0.5722329472329473,0.7709827077182623,0.23185000000000003,385.788068,36266,10104,complete,False,5,0.8070175438596491,0,0,0.0,,
2026-07-07-kw8r,qwen35b,messy_data_v2,write_tools_freeform,metadata_only,True,2,False,False,0.0,,,,,0.5000100000000001,442.466691,90898,9104,gave_up,False,0,,0,0,0.0,,
2026-07-07-kw8r,qwen35b,messy_data_v2,write_tools_freeform,live_query_tool,False,2,False,False,0.0,,,,,0.17992000000000002,260.59905,31758,4226,gave_up,False,0,,0,0,0.0,,
2026-07-07-kw8r,qwen35b,messy_data_v2,write_tools_freeform,live_query_tool,True,2,False,False,0.0,,,,,0.281855,133.838354,53550,2821,gave_up,False,0,,0,0,0.0,,
2026-07-07-kw8r,mistral128b,messy_data_v2,structured_per_table,live_query_tool,False,2,True,True,1.0,1.0,0.9955323901712584,0.7425931825422109,0.9977611940298508,0.0,3131.262429,133288,11012,complete,False,5,1.0,0,0,0.0,,
2026-07-07-kw8r,mistral128b,messy_data_v2,structured_per_table,live_query_tool,True,2,True,True,1.0,1.0,0.9955323901712584,0.7425931825422109,0.9977611940298508,0.0,172.190875,133288,11012,complete,False,5,1.0,0,0,0.0,,
2026-07-07-kw8r,mistral128b,messy_data_v2,write_tools_freeform,metadata_only,False,2,True,True,1.0,1.0,0.9955323901712584,0.6715514495062122,0.9977611940298508,0.0,329.019776,28849,3513,complete,False,5,1.0,0,0,0.0,,
2026-07-07-kw8r,mistral128b,messy_data_v2,write_tools_freeform,metadata_only,True,2,True,True,1.0,1.0,0.9955323901712584,0.659233301476054,0.9977611940298508,0.0,296.322802,28264,3162,complete,False,5,1.0,0,0,0.0,,
2026-07-07-kw8r,mistral128b,messy_data_v2,write_tools_freeform,live_query_tool,False,2,True,True,1.0,1.0,0.9955323901712584,0.7420622278857386,0.9977611940298508,0.0,2035.018563,511212,10618,complete,False,5,1.0,0,0,0.0,,
2026-07-07-kw8r,mistral128b,messy_data_v2,write_tools_freeform,live_query_tool,True,2,True,True,1.0,1.0,0.9955323901712584,0.7622385048316874,0.9977611940298508,0.0,1039.268568,273028,7683,complete,False,5,1.0,0,0,0.0,,
2026-07-07-kw8r,qwen35b,messy_data_v2,plan_then_execute,metadata_only,False,2,False,True,0.8,0.7733732236350037,0.9942307692307693,0.5921052631578947,0.8700042069835927,0.247915,1885.273736,20864,28719,complete,False,5,0.8070175438596491,0,1,0.0,,
2026-07-07-kw8r,qwen35b,messy_data_v2,plan_then_execute,metadata_only,True,2,False,True,0.8,0.7733732236350037,0.9942307692307693,0.5921052631578947,0.8700042069835927,0.39724999999999994,408.199948,36770,42680,partial,False,5,0.8070175438596491,0,0,0.0,,
2026-07-07-kw8r,qwen35b,messy_data_v2,plan_then_execute,live_query_tool,False,2,False,True,0.8,0.5415108451757666,0.7001934235976789,0.6851851851851852,0.6107127794179671,0.9334050000000003,1604.888616,147662,39019,complete,False,5,0.8070175438596491,0,0,0.0,,
2026-07-07-kw8r,qwen35b,messy_data_v2,plan_then_execute,live_query_tool,True,2,True,True,1.0,0.7681376215407629,0.7681376215407629,0.7203001250521051,0.7681376215407629,1.4819800000000005,805.554206,243944,52452,complete,False,5,1.0,0,0,0.0,,
2026-07-07-kw8r,mistral128b,messy_data_v2,plan_then_execute,metadata_only,False,2,False,False,,,,,,,1801.49691,,,,False,0,,,,,,
2026-07-07-kw8r,mistral128b,messy_data_v2,plan_then_execute,metadata_only,True,2,False,False,,,,,,,1801.542134,,,,False,0,,,,,,
2026-07-07-kw8r,mistral128b,messy_data_v2,plan_then_execute,live_query_tool,False,2,False,False,,,,,,,1817.741143,,,,False,0,,,,,,
2026-07-07-kw8r,mistral128b,messy_data_v2,plan_then_execute,live_query_tool,True,2,True,True,1.0,1.0,0.9955323901712584,0.7153021131995327,0.9977611940298508,0.0,3424.880458,89281,12288,complete,False,5,1.0,0,0,0.0,,
2026-07-07-kw8r,qwen35b,messy_data_v2,write_then_critique,metadata_only,False,2,False,True,0.8,0.7733732236350037,0.9942307692307693,0.6325383771929824,0.8700042069835927,0.53356,8134.017299,63078,43634,complete,False,5,0.8070175438596491,0,4,0.0,,
2026-07-07-kw8r,mistral128b,messy_data_v2,write_then_critique,metadata_only,False,2,False,True,0.8,0.7733732236350037,0.9942307692307693,0.6722861842105263,0.8700042069835927,0.0,2743.001719,74284,17069,partial,False,5,0.8070175438596491,0,0,0.0,,
2026-07-07-kw8r,mistral128b,messy_data_v2,write_then_critique,metadata_only,True,2,False,True,0.8,0.7733732236350037,0.9942307692307693,0.6722861842105263,0.8700042069835927,0.0,1301.047298,89639,27466,partial,False,5,0.8070175438596491,0,0,0.0,,
2026-07-07-kw8r,mistral128b,messy_data_v2,write_then_critique,live_query_tool,False,2,True,True,1.0,1.0,0.9955323901712584,0.7448231920993947,0.9977611940298508,0.0,5150.451079,267441,30789,partial,False,5,1.0,0,0,0.0,,
2026-07-07-kw8r,mistral128b,messy_data_v2,write_then_critique,live_query_tool,True,2,True,True,1.0,1.0,0.9955323901712584,0.7448231920993947,0.9977611940298508,0.0,324.442401,267441,30789,partial,False,5,1.0,0,0,0.0,,
2026-07-07-kw8r,qwen35b,messy_data_v2,write_then_critique,metadata_only,True,2,True,True,1.0,1.0,0.9955323901712584,0.6435170436444727,0.9977611940298508,0.6694800000000002,18701.842785,83673,50223,complete,False,5,1.0,0,12,0.0,,
2026-07-07-kw8r,qwen35b,messy_data_v2,write_then_critique,live_query_tool,False,2,False,True,0.8,0.7733732236350037,0.9942307692307693,0.7509594298245614,0.8700042069835927,4.577535,6350.642448,839274,76233,partial,False,5,0.8070175438596491,0,1,0.0,,
2026-07-07-kw8r,qwen35b,messy_data_v2,write_then_critique,live_query_tool,True,2,False,False,,,,,,,8335.089094,,,,False,0,,,,,,
2026-07-07-kw8r,qwen35b,messy_data_v2,ensemble_vote,metadata_only,False,2,False,True,0.6,0.5908750934928946,0.992462311557789,0.6435294117647059,0.7407407407407408,0.9065400000000002,1508.342213,94932,86376,complete,False,5,0.5789473684210527,0,0,0.0,,
2026-07-07-kw8r,mistral128b,messy_data_v2,ensemble_vote,metadata_only,False,2,True,True,1.0,1.0,0.9955323901712584,0.6540299458426251,0.9977611940298508,0.0,422.172157,85466,22557,complete,False,5,1.0,0,0,0.0,,
2026-07-07-kw8r,qwen35b,messy_data_v2,ensemble_vote,metadata_only,True,2,True,True,1.0,1.0,0.9955323901712584,0.6651799936285441,0.9977611940298508,1.0189250000000003,548.418614,107003,96782,complete,False,5,1.0,0,0,0.0,,
2026-07-07-kw8r,mistral128b,messy_data_v2,ensemble_vote,metadata_only,True,2,True,True,1.0,1.0,0.9955323901712584,0.6540299458426251,0.9977611940298508,0.0,176.682855,85466,22557,complete,False,5,1.0,0,0,0.0,,
2026-07-07-kw8r,mistral128b,messy_data_v2,ensemble_vote,live_query_tool,False,2,True,True,1.0,1.0,0.9955323901712584,0.7578846766486143,0.9977611940298508,0.0,1015.466458,270931,32192,complete,False,5,1.0,0,0,0.0,,
2026-07-07-kw8r,qwen35b,messy_data_v2,ensemble_vote,live_query_tool,False,2,False,True,0.8,0.7733732236350037,0.9942307692307693,0.7447916666666666,0.8700042069835927,2.8977000000000013,1367.769203,510959,68581,complete,False,5,0.8070175438596491,0,0,0.0,,
2026-07-07-kw8r,mistral128b,messy_data_v2,ensemble_vote,live_query_tool,True,2,True,True,1.0,1.0,0.9955323901712584,0.7578846766486143,0.9977611940298508,0.0,359.813181,270931,32192,complete,False,5,1.0,0,0,0.0,,
2026-07-07-kw8r,qwen35b,messy_data_v2,ensemble_vote,live_query_tool,True,2,False,True,0.8,0.7733732236350037,0.9942307692307693,0.7447916666666666,0.8700042069835927,5.363630000000004,1846.630143,975140,97586,partial,False,5,0.8070175438596491,0,0,0.0,,
2026-07-07-kw8r,qwen35b,missing_relations_v2,structured_per_table,metadata_only,False,2,False,True,0.6,0.6237288135593221,1.0,0.56187624750499,0.768267223382046,0.19468000000000002,415.435294,20900,18036,complete,False,5,0.631578947368421,0,0,0.0,,
2026-07-07-kw8r,mistral128b,missing_relations_v2,structured_per_table,metadata_only,False,2,True,True,1.0,0.7502824858757062,0.8924731182795699,0.6036324786324786,0.8152240638428483,0.0,391.022647,19158,6863,complete,False,5,1.0,0,0,0.0,,
2026-07-07-kw8r,mistral128b,missing_relations_v2,structured_per_table,metadata_only,True,2,True,True,1.0,0.7502824858757062,0.8924731182795699,0.6036324786324786,0.8152240638428483,0.0,65.337931,19158,6863,complete,False,5,1.0,0,0,0.0,,
2026-07-07-kw8r,qwen35b,missing_relations_v2,structured_per_table,metadata_only,True,2,True,True,1.0,1.0,1.0,0.584711739200257,1.0,0.403415,491.909229,44603,36080,complete,False,5,1.0,0,0,0.0,,
2026-07-07-kw8r,mistral128b,missing_relations_v2,structured_per_table,live_query_tool,False,2,True,True,1.0,0.5480225988700564,0.5480225988700564,0.5525508781711737,0.5480225988700564,0.0,775.931349,89971,8771,complete,False,5,1.0,0,0,0.0,,
2026-07-07-kw8r,mistral128b,missing_relations_v2,structured_per_table,live_query_tool,True,2,True,True,1.0,0.5480225988700564,0.5480225988700564,0.5525508781711737,0.5480225988700564,0.0,131.600149,89971,8771,complete,False,5,1.0,0,0,0.0,,
2026-07-07-kw8r,qwen35b,missing_relations_v2,structured_per_table,live_query_tool,False,2,False,True,0.8,0.7502824858757062,1.0,0.5628205128205128,0.8573273079406069,2.325545000000001,1171.082665,437378,27731,complete,False,5,0.8070175438596491,0,0,0.0,,
2026-07-07-kw8r,qwen35b,missing_relations_v2,structured_per_table,live_query_tool,True,2,True,True,1.0,1.0,1.0,0.5374979926128152,1.0,2.6183850000000004,621.308939,487502,36175,complete,False,5,1.0,0,0,0.0,,
2026-07-07-kw8r,qwen35b,missing_relations_v2,write_tools_freeform,metadata_only,False,2,False,False,0.0,,,,,0.093115,129.49595,15116,3507,gave_up,False,0,,0,0,0.0,,
2026-07-07-kw8r,qwen35b,missing_relations_v2,write_tools_freeform,metadata_only,True,2,True,False,0.0,,,,,0.2039,251.61053,31412,9368,complete,True,0,,0,0,0.0,,
2026-07-07-kw8r,mistral128b,missing_relations_v2,write_tools_freeform,metadata_only,False,2,False,True,0.4,0.21694915254237288,1.0,0.6235632183908046,0.3565459610027855,0.0,305.784426,32384,3638,complete,False,5,0.40350877192982454,0,0,0.0,,
2026-07-07-kw8r,qwen35b,missing_relations_v2,write_tools_freeform,live_query_tool,False,2,False,False,0.0,,,,,0.3944850000000001,165.082719,75558,3339,gave_up,False,0,,0,0,0.0,,
2026-07-07-kw8r,mistral128b,missing_relations_v2,write_tools_freeform,metadata_only,True,2,True,True,1.0,1.0,1.0,0.6051067929982334,1.0,0.0,178.827795,26833,3523,complete,False,5,1.0,0,0,0.0,,
2026-07-07-kw8r,mistral128b,missing_relations_v2,write_tools_freeform,live_query_tool,False,2,True,True,1.0,0.7502824858757062,0.8924731182795699,0.6038461538461538,0.8152240638428483,0.0,360.56344,137092,4742,complete,False,5,1.0,0,0,0.0,,
2026-07-07-kw8r,mistral128b,missing_relations_v2,write_tools_freeform,live_query_tool,True,2,True,True,1.0,0.6734463276836158,0.8816568047337278,0.5821629213483146,0.7636130685458039,0.0,494.674768,198298,9768,complete,False,5,1.0,0,0,0.0,,
2026-07-07-kw8r,qwen35b,missing_relations_v2,write_tools_freeform,live_query_tool,True,2,True,False,0.0,,,,,2.3767750000000003,968.691302,456301,19054,complete,True,0,,0,0,0.0,,
2026-07-07-kw8r,qwen35b,missing_relations_v2,plan_then_execute,metadata_only,False,2,True,True,1.0,1.0,1.0,0.5519511803436646,1.0,0.24832000000000004,726.05567,19883,29781,complete,False,5,1.0,0,0,0.0,,
2026-07-07-kw8r,qwen35b,missing_relations_v2,plan_then_execute,metadata_only,True,2,True,True,1.0,1.0,1.0,0.5519511803436646,1.0,0.24832000000000004,60.222127,19883,29781,complete,False,5,1.0,0,0,0.0,,
2026-07-07-kw8r,qwen35b,missing_relations_v2,plan_then_execute,live_query_tool,False,2,False,True,0.8,0.6384180790960452,1.0,0.5335500348270258,0.7793103448275862,0.89189,768.077701,150238,28140,complete,False,5,0.8245614035087719,0,0,0.0,,
2026-07-07-kw8r,qwen35b,missing_relations_v2,plan_then_execute,live_query_tool,True,2,True,True,1.0,1.0,1.0,0.5572506825116429,1.0,1.00549,287.350969,167547,33551,complete,False,5,1.0,0,0,0.0,,
2026-07-07-kw8r,mistral128b,missing_relations_v2,plan_then_execute,metadata_only,False,2,False,False,,,,,,,1801.512162,,,,False,0,,,,,,
2026-07-07-kw8r,mistral128b,missing_relations_v2,plan_then_execute,metadata_only,True,2,False,False,,,,,,,1801.54348,,,,False,0,,,,,,
2026-07-07-kw8r,mistral128b,missing_relations_v2,plan_then_execute,live_query_tool,False,2,False,False,,,,,,,1834.783225,,,,False,0,,,,,,
2026-07-07-kw8r,mistral128b,missing_relations_v2,plan_then_execute,live_query_tool,True,2,False,False,,,,,,,1806.490883,,,,False,0,,,,,,
2026-07-07-kw8r,qwen35b,missing_relations_v2,write_then_critique,metadata_only,False,2,False,True,0.8,0.8282485875706215,1.0,0.6163819715990945,0.9060568603213844,0.5473700000000001,8763.736831,69116,40358,partial,False,5,0.7719298245614035,0,5,0.0,,
2026-07-07-kw8r,mistral128b,missing_relations_v2,write_then_critique,metadata_only,False,2,True,True,1.0,0.9096045197740112,0.9106334841628959,0.6112220809878337,0.9101187111362352,0.0,1172.99716,47624,13855,partial,False,5,1.0,0,0,0.0,,
2026-07-07-kw8r,mistral128b,missing_relations_v2,write_then_critique,metadata_only,True,2,True,True,1.0,0.9096045197740112,0.9106334841628959,0.6112220809878337,0.9101187111362352,0.0,115.620374,47624,13855,partial,False,5,1.0,0,0,0.0,,
2026-07-07-kw8r,mistral128b,missing_relations_v2,write_then_critique,live_query_tool,False,2,True,True,1.0,0.9096045197740112,0.9106334841628959,0.6164881060468494,0.9101187111362352,0.0,5878.617199,440829,35901,partial,False,5,1.0,0,0,0.0,,
2026-07-07-kw8r,mistral128b,missing_relations_v2,write_then_critique,live_query_tool,True,2,True,True,1.0,0.9096045197740112,0.9106334841628959,0.6164881060468494,0.9101187111362352,0.0,486.7582,440829,35901,partial,False,5,1.0,0,0,0.0,,
2026-07-07-kw8r,qwen35b,missing_relations_v2,write_then_critique,metadata_only,True,2,False,False,,,,,,,8944.834161,,,,False,0,,,,,,
2026-07-07-kw8r,qwen35b,missing_relations_v2,write_then_critique,live_query_tool,False,2,False,True,0.8,0.6384180790960452,1.0,0.5560715114929186,0.7793103448275862,4.221265000000001,7034.300667,769668,74585,partial,False,5,0.8245614035087719,0,0,0.0,,
2026-07-07-kw8r,qwen35b,missing_relations_v2,write_then_critique,live_query_tool,True,2,True,True,1.0,1.0,1.0,0.583266420427172,1.0,3.6598949999999997,11139.47342,660328,71651,partial,False,5,1.0,0,6,0.0,,
2026-07-07-kw8r,qwen35b,missing_relations_v2,ensemble_vote,metadata_only,False,2,True,True,1.0,0.7502824858757062,0.8924731182795699,0.5446581196581196,0.8152240638428483,0.9029850000000004,1284.692016,114632,65965,complete,False,5,1.0,0,0,0.0,,
2026-07-07-kw8r,qwen35b,missing_relations_v2,ensemble_vote,metadata_only,True,2,True,True,1.0,0.7502824858757062,0.8924731182795699,0.5446581196581196,0.8152240638428483,0.9029850000000004,192.407236,114632,65965,complete,False,5,1.0,0,0,0.0,,
2026-07-07-kw8r,mistral128b,missing_relations_v2,ensemble_vote,metadata_only,False,2,True,True,1.0,0.7502824858757062,0.8924731182795699,0.6038461538461538,0.8152240638428483,0.0,960.646594,83479,24466,complete,False,5,1.0,0,0,0.0,,
2026-07-07-kw8r,mistral128b,missing_relations_v2,ensemble_vote,metadata_only,True,2,True,True,1.0,0.7502824858757062,0.8924731182795699,0.6038461538461538,0.8152240638428483,0.0,176.781471,83479,24466,complete,False,5,1.0,0,0,0.0,,
2026-07-07-kw8r,qwen35b,missing_relations_v2,ensemble_vote,live_query_tool,False,2,False,True,0.6,0.511864406779661,1.0,0.5334250343878955,0.6771300448430493,5.856495000000003,1654.327705,1072167,99132,complete,False,5,0.6491228070175439,0,0,0.0,,
2026-07-07-kw8r,mistral128b,missing_relations_v2,ensemble_vote,live_query_tool,False,2,True,True,1.0,0.7502824858757062,0.8924731182795699,0.5935897435897436,0.8152240638428483,0.0,1734.267285,500865,32308,complete,False,5,1.0,0,0,0.0,,
2026-07-07-kw8r,qwen35b,missing_relations_v2,ensemble_vote,live_query_tool,True,2,True,True,1.0,1.0,1.0,0.6068732937208929,1.0,6.420035000000005,1224.09171,1168715,115292,complete,False,5,1.0,0,0,0.0,,
2026-07-07-kw8r,mistral128b,missing_relations_v2,ensemble_vote,live_query_tool,True,2,True,True,1.0,0.7502824858757062,0.8924731182795699,0.5935897435897436,0.8152240638428483,0.0,507.241345,500865,32308,complete,False,5,1.0,0,0,0.0,,
2026-07-07-kw8r,qwen35b,wrong_field_names_v2,structured_per_table,metadata_only,False,2,False,True,0.6,0.692942254812099,1.0,0.5481611208406305,0.8186247969680563,0.20475500000000002,416.815112,22241,18710,complete,False,5,0.5789473684210527,0,0,0.0,,
2026-07-07-kw8r,qwen35b,wrong_field_names_v2,structured_per_table,metadata_only,True,2,True,True,1.0,1.0,1.0,0.6116605934409162,1.0,0.277415,210.210851,30680,24803,complete,False,5,1.0,0,0,0.0,,
2026-07-07-kw8r,mistral128b,wrong_field_names_v2,structured_per_table,metadata_only,False,2,True,True,1.0,1.0,1.0,0.7352941176470589,1.0,0.0,753.693677,23491,10249,complete,False,5,1.0,0,0,0.0,,
2026-07-07-kw8r,mistral128b,wrong_field_names_v2,structured_per_table,metadata_only,True,2,True,True,1.0,1.0,1.0,0.7352941176470589,1.0,0.0,70.389858,23491,10249,complete,False,5,1.0,0,0,0.0,,
2026-07-07-kw8r,mistral128b,wrong_field_names_v2,structured_per_table,live_query_tool,False,2,True,True,1.0,1.0,1.0,0.7988027069234773,1.0,0.0,883.503841,99351,8565,complete,False,5,1.0,0,0,0.0,,
2026-07-07-kw8r,mistral128b,wrong_field_names_v2,structured_per_table,live_query_tool,True,2,True,True,1.0,1.0,1.0,0.7988027069234773,1.0,0.0,136.803327,99351,8565,complete,False,5,1.0,0,0,0.0,,
2026-07-07-kw8r,qwen35b,wrong_field_names_v2,structured_per_table,live_query_tool,False,2,False,True,0.8,0.6333638863428047,1.0,0.8563588190764573,0.7755331088664422,1.53327,2271.873532,278693,27961,complete,False,5,0.8245614035087719,0,0,0.0,,
2026-07-07-kw8r,qwen35b,wrong_field_names_v2,structured_per_table,live_query_tool,True,2,True,True,1.0,1.0,1.0,0.7718636127017179,1.0,1.7891199999999998,436.676358,323904,33920,complete,False,5,1.0,0,0,0.0,,
2026-07-07-kw8r,qwen35b,wrong_field_names_v2,write_tools_freeform,metadata_only,False,2,True,False,0.0,,,,,0.18651500000000004,180.309439,31654,5649,complete,True,0,,0,0,0.0,,
2026-07-07-kw8r,qwen35b,wrong_field_names_v2,write_tools_freeform,metadata_only,True,2,False,False,0.0,,,,,0.12119,256.839929,19573,4665,gave_up,False,0,,0,0,0.0,,
2026-07-07-kw8r,mistral128b,wrong_field_names_v2,write_tools_freeform,metadata_only,False,2,True,True,1.0,1.0,1.0,0.7588495575221239,1.0,0.0,391.758249,32431,4502,complete,False,5,1.0,0,0,0.0,,
2026-07-07-kw8r,qwen35b,wrong_field_names_v2,write_tools_freeform,live_query_tool,False,2,False,False,0.0,,,,,0.9296350000000001,397.654132,174543,11384,complete,True,0,,0,0,0.0,,
2026-07-07-kw8r,mistral128b,wrong_field_names_v2,write_tools_freeform,metadata_only,True,2,True,True,1.0,1.0,1.0,0.7988027069234773,1.0,0.0,452.710044,28365,3153,complete,False,5,1.0,0,0,0.0,,
2026-07-07-kw8r,qwen35b,wrong_field_names_v2,write_tools_freeform,live_query_tool,True,2,False,False,0.0,,,,,0.28722000000000003,204.835121,50437,7007,gave_up,False,0,,0,0,0.0,,
2026-07-07-kw8r,mistral128b,wrong_field_names_v2,write_tools_freeform,live_query_tool,False,2,True,True,1.0,1.0,1.0,0.7988027069234773,1.0,0.0,384.033855,78892,3745,complete,False,5,1.0,0,0,0.0,,
2026-07-07-kw8r,mistral128b,wrong_field_names_v2,write_tools_freeform,live_query_tool,True,2,True,True,1.0,1.0,1.0,0.7894325871941698,1.0,0.0,417.687373,61756,5211,complete,False,5,1.0,0,0,0.0,,
2026-07-07-kw8r,qwen35b,wrong_field_names_v2,plan_then_execute,metadata_only,False,2,False,True,0.8,0.7846012832263978,1.0,0.6479549594303693,0.879301489470981,0.33114000000000005,1539.754007,27061,39167,complete,False,5,0.8070175438596491,0,0,0.0,,
2026-07-07-kw8r,qwen35b,wrong_field_names_v2,plan_then_execute,metadata_only,True,2,True,True,1.0,1.0,1.0,0.691697032795419,1.0,0.36868500000000004,146.823954,31470,42267,complete,False,5,1.0,0,0,0.0,,
2026-07-07-kw8r,qwen35b,wrong_field_names_v2,plan_then_execute,live_query_tool,False,2,False,False,0.0,0.0,,,,0.5532000000000001,902.369681,85399,25241,complete,True,5,0.0,0,0,0.0,,
2026-07-07-kw8r,mistral128b,wrong_field_names_v2,plan_then_execute,metadata_only,False,2,True,True,1.0,1.0,1.0,0.7674388339406559,1.0,0.0,1253.251756,21183,10236,complete,False,5,1.0,0,0,0.0,,
2026-07-07-kw8r,mistral128b,wrong_field_names_v2,plan_then_execute,metadata_only,True,2,True,True,1.0,1.0,1.0,0.7674388339406559,1.0,0.0,60.271574,21183,10236,complete,False,5,1.0,0,0,0.0,,
2026-07-07-kw8r,qwen35b,wrong_field_names_v2,plan_then_execute,live_query_tool,True,2,True,True,1.0,1.0,1.0,0.7118688183237897,1.0,1.2085700000000001,733.312598,193077,48637,complete,False,5,1.0,0,0,0.0,,
2026-07-07-kw8r,mistral128b,wrong_field_names_v2,plan_then_execute,live_query_tool,False,2,True,True,1.0,1.0,1.0,0.7988027069234773,1.0,0.0,1462.152332,84866,12021,complete,False,5,1.0,0,0,0.0,,
2026-07-07-kw8r,mistral128b,wrong_field_names_v2,plan_then_execute,live_query_tool,True,2,True,True,1.0,1.0,1.0,0.7988027069234773,1.0,0.0,133.036384,84866,12021,complete,False,5,1.0,0,0,0.0,,
2026-07-07-kw8r,qwen35b,wrong_field_names_v2,write_then_critique,metadata_only,False,2,False,False,,,,,,,10147.162925,,,,False,0,,,,,,
2026-07-07-kw8r,mistral128b,wrong_field_names_v2,write_then_critique,metadata_only,False,2,True,True,1.0,1.0,1.0,0.7149921915668922,1.0,0.0,1400.643197,74535,30444,partial,False,5,1.0,0,0,0.0,,
2026-07-07-kw8r,mistral128b,wrong_field_names_v2,write_then_critique,metadata_only,True,2,True,True,1.0,1.0,1.0,0.7149921915668922,1.0,0.0,136.015168,74535,30444,partial,False,5,1.0,0,0,0.0,,
2026-07-07-kw8r,mistral128b,wrong_field_names_v2,write_then_critique,live_query_tool,False,2,True,True,1.0,1.0,1.0,0.7988027069234773,1.0,0.0,6438.248061,313419,42693,partial,False,5,1.0,0,0,0.0,,
2026-07-07-kw8r,mistral128b,wrong_field_names_v2,write_then_critique,live_query_tool,True,2,True,True,1.0,1.0,1.0,0.7988027069234773,1.0,0.0,6754.402962,274628,36709,partial,False,5,1.0,0,0,0.0,,
2026-07-07-kw8r,qwen35b,wrong_field_names_v2,write_then_critique,metadata_only,True,2,True,True,1.0,1.0,1.0,0.6445861530452889,1.0,0.7361749999999999,16274.454762,89033,58202,partial,False,5,1.0,0,11,0.0,,
2026-07-07-kw8r,qwen35b,wrong_field_names_v2,write_then_critique,live_query_tool,False,2,True,True,1.0,1.0,1.0,0.7576782925559604,1.0,2.71998,2753.19887,479466,64530,complete,False,5,1.0,0,0,0.0,,
2026-07-07-kw8r,qwen35b,wrong_field_names_v2,write_then_critique,live_query_tool,True,2,True,True,1.0,1.0,1.0,0.7576782925559604,1.0,2.71998,396.409791,479466,64530,complete,False,5,1.0,0,0,0.0,,
2026-07-07-kw8r,qwen35b,wrong_field_names_v2,ensemble_vote,metadata_only,False,2,False,True,0.8,0.6333638863428047,1.0,0.805450416351249,0.7755331088664422,0.8117400000000001,742.883121,99573,62775,complete,False,5,0.8245614035087719,0,0,0.0,,
2026-07-07-kw8r,qwen35b,wrong_field_names_v2,ensemble_vote,metadata_only,True,2,True,True,1.0,1.0,1.0,0.7368558042686101,1.0,0.8423650000000001,244.318126,103313,65160,complete,False,5,1.0,0,0,0.0,,
2026-07-07-kw8r,qwen35b,wrong_field_names_v2,ensemble_vote,live_query_tool,False,2,False,False,,,,,,,924.610719,,,,False,0,,,,,,
2026-07-07-kw8r,qwen35b,wrong_field_names_v2,ensemble_vote,live_query_tool,True,2,False,False,,,,,,,219.237987,,,,False,0,,,,,,
2026-07-07-kw8r,mistral128b,wrong_field_names_v2,ensemble_vote,metadata_only,False,2,False,True,0.8,0.8579285059578369,1.0,0.7648800710689961,0.9235323137641835,0.0,4819.585827,78201,33225,complete,False,5,0.8245614035087719,0,0,0.0,,
2026-07-07-kw8r,mistral128b,wrong_field_names_v2,ensemble_vote,metadata_only,True,2,True,True,1.0,1.0,1.0,0.7489588755856325,1.0,0.0,759.051907,85294,35477,complete,False,5,1.0,0,0,0.0,,
2026-07-07-kw8r,mistral128b,wrong_field_names_v2,ensemble_vote,live_query_tool,False,2,True,True,1.0,1.0,1.0,0.7988027069234773,1.0,0.0,1431.463591,259798,26858,complete,False,5,1.0,0,0,0.0,,
2026-07-07-kw8r,mistral128b,wrong_field_names_v2,ensemble_vote,live_query_tool,True,2,True,True,1.0,1.0,1.0,0.7988027069234773,1.0,0.0,354.586964,259798,26858,complete,False,5,1.0,0,0,0.0,,
